UserId,Product2Id,ProductName
0052x000003qyGIAAY,01t2x000001DpaxAAC,Kayako COLLABORATOR TNK
0052x000003XjMPAA0,01t2x000001v9thAAA,SLI LEARNING SEARCH STANDARD STANDARD
0052x000002PZH9AAO,01t2x000001DpbPAAS,BiznessApps:Individual:Standard:Standard
0052x000002QDFSAA4,01t2x000001DpaxAAC,Kayako COLLABORATOR TNK
0052x000002QDFXAA4,01t2x000001DpaxAAC,Kayako COLLABORATOR TNK
0052x000003XUjxAAG,01t2x000000Jo9nAAC,Kayako OnPremise KC CASE SILVER
0052x000003XjMPAA0,01t2x000003PwjjAAC,"Smart Routines Subscription, STANDARD EDITION, STANDARD SUCCESS"
0052x000003XjMPAA0,01t2x000003PwjpAAC,"Smart Routines Subscription, STANDARD EDITION"
0052x0000049BoSAAU,01t2x000002BskyAAC,"Pivotal Term User License, STANDARD EDITION, STANDARD SUCCESS"
0052x0000049BoSAAU,01t2x000002Cm2IAAS,"Pivotal Term User License, STANDARD EDITION"
0052x000003XjMPAA0,01t2x000003PwjqAAC,"Smart Routines Subscription, STANDARD SUCCESS"
0052x0000049BoSAAU,01t2x000002Cm2NAAS,"Pivotal Term User License, STANDARD SUCCESS"
0052x000003XjMPAA0,01t2x000002BuF3AAK,"Pivotal Term User License MAINTENANCE, STANDARD EDITION, STANDARD SUCCESS"
0052x000003XjMPAA0,01t2x000002Cm2NAAS,"Pivotal Term User License, STANDARD SUCCESS"
0052x00000224r5AAA,01t2x000001E1mHAAS,"DNN Production License EVOQ, PROFESSIONAL EDITION, PLATINUM SUCCESS"
0052x00000224r5AAA,01t2x000001E1nKAAS,"DNN Non-Production License EVOQ Content, ADD-ON, Platinum support"
0052x000003XjMPAA0,01t2x000001v9trAAA,SLI LEARNING SEARCH STANDARD PLATINUM
0052x000003ibFqAAI,01t2x000002Cg4qAAC,Jive Extension Packs
0052x000001zqnXAAQ,01t2x000001DpbPAAS,BiznessApps:Individual:Standard:Standard
0052x00000497TrAAI,01t2x000002HuDnAAK,CloudFix Term User License STANDARD
0052x0000057ORLAA2,01t2x000002HuDnAAK,CloudFix Term User License STANDARD
0052x0000057OQDAA2,01t2x000002HuDnAAK,CloudFix Term User License STANDARD
0052x0000058tDvAAI,01t2x000002HuDnAAK,CloudFix Term User License STANDARD
0052x0000057OQrAAM,01t2x000002HuDnAAK,CloudFix Term User License STANDARD
0052x000003dwcDAAQ,01t2x000002HuDnAAK,CloudFix Term User License STANDARD
0052x0000057ORBAA2,01t2x000002HuDnAAK,CloudFix Term User License STANDARD
0052x000003qyGIAAY,01t2x000000Jo9nAAC,Kayako OnPremise KC CASE SILVER
0052x000002Q1BbAAK,01t2x000003Pnc9AAC,"DNN Production License EVOQ, STANDARD EDITION"
0052x00000224qvAAA,01t2x000001E1knAAC,"DNN OnDemand EVOQ, PROFESSIONAL EDITION, STANDARD SUCCESS"
0052x000002QDFcAAO,01t2x000001E1lsAAC,"DNN Production EVOQ, STANDARD EDITION, STANDARD SUCCESS"
0052x000002QDFcAAO,01t2x000001E1mqAAC,"DNN Non-Production License EVOQ Basic, ADD-ON, Standard support"
0052x0000057AtbAAE,01t2x000003PssCAAS,"BroadVision QuickSilver, PLATINUM SUCCESS"
0052x000002Q1BbAAK,01t2x00000269exAAA,"Finserv Product(AIS) Aurea Insurance Solutions Hosted, STANDARD EDITION"
0052x000002Q1BbAAK,01t2x00000269f2AAA,"Finserv Product(AIS) Aurea Insurance Solutions Hosted, PLATINUM SUCCESS"
0052x000002Q1BbAAK,01t2x000002CmgQAAS,"MessageOne AlertFind, STANDARD EDITION"
0052x000002V6t4AAC,01t2x000002CmgJAAS,"MessageOne AlertFind, STANDARD EDITION, STANDARD SUCCESS"
0052x000002Q1BbAAK,01t2x000003PnghAAC,"Autotrol Tech Illustrator, STANDARD EDITION, STANDARD SUCCESS"
0052x000002Q1BbAAK,01t2x000003PnccAAC,"DNN Non-Production License EVOQ, PLATINUM SUCCESS"
0052x000003dwcIAAQ,01t2x000002HuDnAAK,CloudFix Term User License STANDARD
0052x000002Q1BbAAK,01t2x0000026DOHAA2,"Playbooks, STANDARD SUCCESS"
0052x000003dwcIAAQ,01t2x000002CJ5oAAG,"ACRM CRM On-Premise, ENTERPRISE EDITION, STANDARD SUCCESS"
0052x000003dwcIAAQ,01t2x0000026EqyAAE,"ACRM CRM On-Premise, ENTERPRISE EDITION"
0052x000003dwcIAAQ,01t2x0000026Er1AAE,"ACRM CRM On-Premise, STANDARD SUCCESS"
0052x000002Q1BbAAK,01t2x000003PncaAAC,"DNN Non-Production License EVOQ, STANDARD SUCCESS"
0052x000002Q1BbAAK,01t2x0000026DOKAA2,"Playbooks Telephony, ADD-ON"
0052x0000057xOBAAY,01t2x000003Px9LAAS,"Lyris (AEM) List Manager MAINTENANCE, STANDARD EDITION, PLATINUM SUCCESS"
0052x0000057xOBAAY,01t2x000003Px9HAAS,"Lyris (AEM) List Manager, PLATINUM SUCCESS"
0052x0000049sbGAAQ,01t2x000003PtGiAAK,"AnswerHub Internal (Number of Users) - SaaS, STANDARD EDITION"
0052x0000049BoSAAU,01t2x000002CmgJAAS,"MessageOne AlertFind, STANDARD EDITION, STANDARD SUCCESS"
0052x0000049BoSAAU,01t2x000002CmgQAAS,"MessageOne AlertFind, STANDARD EDITION"
0052x0000049BoSAAU,01t2x000002CmgRAAS,"MessageOne AlertFind, STANDARD SUCCESS"
0052x000003XjMPAA0,01t2x000003PsJ8AAK,"Mobilogy Software Full, PROFESSIONAL EDITION, PLATINUM SUCCESS"
0052x000003XjMPAA0,01t2x000003PsJ2AAK,"Mobilogy Software Full, PROFESSIONAL EDITION"
0052x000003XjMPAA0,01t2x000003PsJ5AAK,"Mobilogy Software Full, PLATINUM SUCCESS"
0052x0000049sbGAAQ,01t2x0000026BozAAE,"Saratoga Site License MAINTENANCE, STANDARD EDITION, STANDARD SUCCESS"
0052x0000049sbGAAQ,01t2x0000026Bp2AAE,"Saratoga Site License, STANDARD SUCCESS"
0052x0000049BoSAAU,01t2x000002Cm2mAAC,"Pivotal Term User License, PLATINUM SUCCESS"
0052x000002Q1BbAAK,01t2x000003PncDAAS,"DNN Production License EVOQ, GOLD SUCCESS"
0052x000002V6t4AAC,01t2x000002CmgRAAS,"MessageOne AlertFind, STANDARD SUCCESS"
0052x0000049sbGAAQ,01t2x0000026BarAAE,"NorthPlains Xinet (On-Prem), STANDARD EDITION, STANDARD SUCCESS"
0052x0000049sbGAAQ,01t2x0000026Bb3AAE,"NorthPlains Xinet (On-Prem), STANDARD EDITION"
0052x0000049sbGAAQ,01t2x0000026Bb5AAE,"NorthPlains Xinet (On-Prem), STANDARD SUCCESS"
0052x0000049BoSAAU,01t2x000002CJ5oAAG,"ACRM CRM On-Premise, ENTERPRISE EDITION, STANDARD SUCCESS"
0052x0000049BoSAAU,01t2x0000026EqyAAE,"ACRM CRM On-Premise, ENTERPRISE EDITION"
0052x0000049BoSAAU,01t2x0000026Er1AAE,"ACRM CRM On-Premise, STANDARD SUCCESS"
0052x000002Q1BbAAK,01t2x000002CmgJAAS,"MessageOne AlertFind, STANDARD EDITION, STANDARD SUCCESS"
0052x000002Q1BbAAK,01t2x000003PncTAAS,"DNN Failover License EVOQ Content, ADD-ON"
0052x000002Q1BbAAK,01t2x000003PncnAAC,"DNN Domain Names EVOQ - Additional 5 Pack, STANDARD SUCCESS"
0052x000002V6t4AAC,01t2x000002BuF3AAK,"Pivotal Term User License MAINTENANCE, STANDARD EDITION, STANDARD SUCCESS"
0052x000002V6t4AAC,01t2x000002Cm2NAAS,"Pivotal Term User License, STANDARD SUCCESS"
0052x000003rG1EAAU,01t2x000002HuDnAAK,CloudFix Term User License STANDARD
0052x0000049BoSAAU,01t2x000002Cg4kAAC,"Jive Public Cloud (Hosted), STANDARD EDITION, STANDARD SUCCESS"
0052x0000049BoSAAU,01t2x0000026DFPAA2,"Jive Public Cloud (Hosted), STANDARD EDITION"
0052x0000049BoSAAU,01t2x0000026DFWAA2,"Jive Public Cloud (Hosted), STANDARD SUCCESS"
0052x000003qiyMAAQ,01t2x000003PsJ8AAK,"Mobilogy Software Full, PROFESSIONAL EDITION, PLATINUM SUCCESS"
0052x000003qiyMAAQ,01t2x000003PsJ2AAK,"Mobilogy Software Full, PROFESSIONAL EDITION"
0052x000003qiyMAAQ,01t2x000003PsJ5AAK,"Mobilogy Software Full, PLATINUM SUCCESS"
0052x0000057AtbAAE,01t2x000003PsrtAAC,"BroadVision QuickSilver MAINTENANCE, STANDARD EDITION, PLATINUM SUCCESS"
0052x000002Q1BbAAK,01t2x000003Px9LAAS,"Lyris (AEM) List Manager MAINTENANCE, STANDARD EDITION, PLATINUM SUCCESS"
0052x0000049sbGAAQ,01t2x0000026CAwAAM,"Bonzai (On-Prem) MAINTENANCE, STANDARD EDITION, STANDARD SUCCESS"
0052x000002Q1BbAAK,01t2x00000269f8AAA,"Finserv Product(AIS) Aurea Insurance Solutions Hosted, STANDARD EDITION, PLATINUM SUCCESS"
0052x0000049sbGAAQ,01t2x0000026CB2AAM,"Bonzai (On-Prem), STANDARD SUCCESS"
0052x000002V6t4AAC,01t2x000002CmgQAAS,"MessageOne AlertFind, STANDARD EDITION"
0052x000002Q1BbAAK,01t2x000003PncbAAC,"DNN Non-Production License EVOQ, GOLD SUCCESS"
0052x0000049sbGAAQ,01t2x000003Pvo1AAC,"InfoBright Subscription, STANDARD EDITION, GOLD SUCCESS"
0052x0000049sbGAAQ,01t2x000003PvnwAAC,"InfoBright Subscription, STANDARD EDITION"
0052x0000049sbGAAQ,01t2x000003PvnyAAC,"InfoBright Subscription, GOLD SUCCESS"
0052x0000057xOBAAY,01t2x000003PsrtAAC,"BroadVision QuickSilver MAINTENANCE, STANDARD EDITION, PLATINUM SUCCESS"
0052x0000057xOBAAY,01t2x000003PssCAAS,"BroadVision QuickSilver, PLATINUM SUCCESS"
0052x000003XjMPAA0,01t2x000001E1m2AAC,"DNN Production License EVOQ, STANDARD EDITION, PLATINUM SUCCESS"
0052x000003XjMPAA0,01t2x000003Pnc9AAC,"DNN Production License EVOQ, STANDARD EDITION"
0052x000003X7B4AAK,01t2x000002Cm2IAAS,"Pivotal Term User License, STANDARD EDITION"
0052x000003X7B4AAK,01t2x000002Cm2NAAS,"Pivotal Term User License, STANDARD SUCCESS"
0052x000003XjMPAA0,01t2x000001DpaxAAC,Kayako COLLABORATOR TNK
0052x0000049sbGAAQ,01t2x0000026Bp0AAE,"Saratoga Site License MAINTENANCE, STANDARD EDITION, PLATINUM SUCCESS"
0052x0000049sbGAAQ,01t2x0000026Bp3AAE,"Saratoga Site License, PLATINUM SUCCESS"
0052x000003qiyMAAQ,01t2x0000026BarAAE,"NorthPlains Xinet (On-Prem), STANDARD EDITION, STANDARD SUCCESS"
0052x000003qiyMAAQ,01t2x0000026Bb3AAE,"NorthPlains Xinet (On-Prem), STANDARD EDITION"
0052x000003qiyMAAQ,01t2x0000026Bb5AAE,"NorthPlains Xinet (On-Prem), STANDARD SUCCESS"
0052x000002Q1BbAAK,01t2x000003PngkAAC,"Autotrol Tech Illustrator, STANDARD SUCCESS"
0052x0000058AxYAAU,01t2x000002I0oWAAS,STL-TE-Mon-SIL
0052x000002Q1BbAAK,01t2x000002CXf0AAG,"Playbooks, STANDARD EDITION, STANDARD SUCCESS"
0052x000002Q1BbAAK,01t2x0000026DOGAA2,"Playbooks, STANDARD EDITION"
0052x000002Q1BbAAK,01t2x000002Cg4VAAS,"Jive Cloud, STANDARD EDITION, STANDARD SUCCESS"
0052x0000049sbGAAQ,01t2x000000JoARAA0,Kayako OnPremise KC PROFESSIONAL PLATINUM
0052x000002Q1BbAAK,01t2x000001E1mqAAC,"DNN Non-Production License EVOQ Basic, ADD-ON, Standard support"
0052x000002Q1BbAAK,01t2x000003PncEAAS,"DNN Production License EVOQ, PLATINUM SUCCESS"
0052x000002Q1BbAAK,01t2x000003PncZAAS,"DNN Non-Production License EVOQ Content, ADD-ON"
0052x000002Q1BbAAK,01t2x000001E1mIAAS,"DNN Non-Production License EVOQ Basic, ADD-ON, Gold support"
0052x000002Q1BbAAK,01t2x000003PncXAAS,"DNN Non-Production License EVOQ Basic, ADD-ON"
0052x000002Q1BbAAK,01t2x000003PncBAAS,"DNN Production License EVOQ, PROFESSIONAL EDITION"
0052x000003XjMPAA0,01t2x000003PtGYAA0,"AnswerHub Internal (Number of Users) - SaaS, STANDARD EDITION, PLATINUM SUCCESS"
0052x000003XjMPAA0,01t2x000003PtGiAAK,"AnswerHub Internal (Number of Users) - SaaS, STANDARD EDITION"
0052x000002Q1BbAAK,01t2x000003PncCAAS,"DNN Production License EVOQ, STANDARD SUCCESS"
0052x000002Q1BbAAK,01t2x000001E1nZAAS,"DNN Failover License EVOQ Content, ADD-ON, Platinum support"
0052x000003XjMPAA0,01t2x000003PtGoAAK,"AnswerHub Internal (Number of Users) - SaaS, PLATINUM SUCCESS"
0052x000003XjMPAA0,01t2x000003PncEAAS,"DNN Production License EVOQ, PLATINUM SUCCESS"
0052x000002Q1BbAAK,01t2x000001E1lsAAC,"DNN Production EVOQ, STANDARD EDITION, STANDARD SUCCESS"
0052x000002Q1BbAAK,01t2x000003Px9FAAS,"Lyris (AEM) List Manager, STANDARD EDITION"
0052x0000057wOPAAY,01t2x000001DpaxAAC,Kayako COLLABORATOR TNK
0052x000003qiyMAAQ,01t2x0000026BaxAAE,"NorthPlains Xinet (On-Prem) MAINTENANCE, STANDARD EDITION, STANDARD SUCCESS"
0052x000003X7B4AAK,01t2x000003Pt86AAC,"Aurea Platform Enterprise, ENTERPRISE EDITION, PLATINUM SUCCESS"
0052x000003X7B4AAK,01t2x000003Pt81AAC,"Aurea Platform Enterprise, ENTERPRISE EDITION"
0052x000003X7B4AAK,01t2x000003Pt83AAC,"Aurea Platform Enterprise, PLATINUM SUCCESS"
0052x000003qiyMAAQ,01t2x000001DpaxAAC,Kayako COLLABORATOR TNK
0052x000002V6t4AAC,01t2x000003Px9FAAS,"Lyris (AEM) List Manager, STANDARD EDITION"
0052x000002V6t4AAC,01t2x000003Px9HAAS,"Lyris (AEM) List Manager, PLATINUM SUCCESS"
0052x000003XjMjAAK,01t2x000000JoARAA0,Kayako OnPremise KC PROFESSIONAL PLATINUM
0052x000003Xj1qAAC,01t2x000001E1lsAAC,"DNN Production EVOQ, STANDARD EDITION, STANDARD SUCCESS"
0052x000003XjMPAA0,01t2x000000JoARAA0,Kayako OnPremise KC PROFESSIONAL PLATINUM
0052x000002V6t4AAC,01t2x000003Px9IAAS,"Lyris (AEM) List Manager, STANDARD EDITION, STANDARD SUCCESS"
0052x000002V6t4AAC,01t2x000003Px9GAAS,"Lyris (AEM) List Manager, STANDARD SUCCESS"
0052x000005hUoUAAU,01t2x000002Cm2IAAS,"Pivotal Term User License, STANDARD EDITION"
0052x000005hUoUAAU,01t2x000002Cm2mAAC,"Pivotal Term User License, PLATINUM SUCCESS"
0052x0000049BoSAAU,01t2x000002Cg4VAAS,"Jive Cloud, STANDARD EDITION, STANDARD SUCCESS"
0052x0000049BoSAAU,01t2x0000026DFOAA2,"Jive Cloud, STANDARD EDITION"
0052x0000049BoSAAU,01t2x0000026DFTAA2,"Jive Cloud, STANDARD SUCCESS"
0052x000002Q1BbAAK,01t2x000003PsJ5AAK,"Mobilogy Software Full, PLATINUM SUCCESS"
0052x00000224r5AAA,01t2x000001v9thAAA,SLI LEARNING SEARCH STANDARD STANDARD
0052x000002QDFSAA4,01t2x000001v9thAAA,SLI LEARNING SEARCH STANDARD STANDARD
0052x000003X7B4AAK,01t2x000001E1mqAAC,"DNN Non-Production License EVOQ Basic, ADD-ON, Standard support"
0052x000003X7B4AAK,01t2x000001E1lsAAC,"DNN Production EVOQ, STANDARD EDITION, STANDARD SUCCESS"
0052x000003XjMPAA0,01t2x000001E1mCAAS,"DNN Production License EVOQ, PROFESSIONAL EDITION, GOLD SUCCESS"
0052x000003XjMPAA0,01t2x000001E1nFAAS,"DNN Non-Production License EVOQ Content, ADD-ON, Gold support"
0052x000003Xp4eAAC,01t2x000001DpaxAAC,Kayako COLLABORATOR TNK
0052x000003XIKyAAO,01t2x000001DpaxAAC,Kayako COLLABORATOR TNK
0052x000002QDFSAA4,01t2x000001E1m2AAC,"DNN Production License EVOQ, STANDARD EDITION, PLATINUM SUCCESS"
0052x00000586HZAAY,01t2x000002I0oZAAS,STL-TE-Ana-SIL
0052x00000586HZAAY,01t2x000002HurnAAC,"STL Analytics MAINTENANCE, STANDARD EDITION, STANDARD SUCCESS"
0052x00000586HZAAY,01t2x000002HursAAC,"STL Analytics, STANDARD SUCCESS"
0052x000003qiyMAAQ,01t2x000000JoARAA0,Kayako OnPremise KC PROFESSIONAL PLATINUM
0052x0000049sbGAAQ,01t2x000001DpaxAAC,Kayako COLLABORATOR TNK
0052x0000049sbGAAQ,01t2x000001E1mHAAS,"DNN Production License EVOQ, PROFESSIONAL EDITION, PLATINUM SUCCESS"
0052x0000049sbGAAQ,01t2x000001E1nKAAS,"DNN Non-Production License EVOQ Content, ADD-ON, Platinum support"
0052x0000049sbGAAQ,01t2x000003PncBAAS,"DNN Production License EVOQ, PROFESSIONAL EDITION"
0052x0000049sbGAAQ,01t2x000003PncEAAS,"DNN Production License EVOQ, PLATINUM SUCCESS"
0052x0000049sbGAAQ,01t2x000003PncZAAS,"DNN Non-Production License EVOQ Content, ADD-ON"
0052x0000049sbGAAQ,01t2x000003PnccAAC,"DNN Non-Production License EVOQ, PLATINUM SUCCESS"
0052x000002V6t4AAC,01t2x000003Px9JAAS,"Lyris (AEM) List Manager, STANDARD EDITION, PLATINUM SUCCESS"
0052x0000049sbGAAQ,01t2x000002CpPmAAK,"Computron Term Software  License MAINTENANCE, STANDARD EDITION, STANDARD SUCCESS"
0052x0000049sbGAAQ,01t2x000002CpPpAAK,"Computron Term Software License, STANDARD SUCCESS"
0052x000003qiyMAAQ,01t2x000001E1lsAAC,"DNN Production EVOQ, STANDARD EDITION, STANDARD SUCCESS"
0052x000003qiyMAAQ,01t2x000001E1mqAAC,"DNN Non-Production License EVOQ Basic, ADD-ON, Standard support"
0052x000003qiyMAAQ,01t2x000003Pnc9AAC,"DNN Production License EVOQ, STANDARD EDITION"
0052x000003qiyMAAQ,01t2x000003PncCAAS,"DNN Production License EVOQ, STANDARD SUCCESS"
0052x000003qiyMAAQ,01t2x000003PncaAAC,"DNN Non-Production License EVOQ, STANDARD SUCCESS"
0052x000003qiyMAAQ,01t2x000003PncXAAS,"DNN Non-Production License EVOQ Basic, ADD-ON"
0052x0000049BoSAAU,01t2x000001E1n5AAC,"DNN Non-Production License EVOQ Content, ADD-ON, Standard support"
0052x0000049BoSAAU,01t2x000001E1m7AAC,"DNN Production License EVOQ, PROFESSIONAL EDITION, STANDARD SUCCESS"
0052x0000049BoSAAU,01t2x000003PncZAAS,"DNN Non-Production License EVOQ Content, ADD-ON"
0052x0000049BoSAAU,01t2x000003PncaAAC,"DNN Non-Production License EVOQ, STANDARD SUCCESS"
0052x0000049BoSAAU,01t2x000003PncBAAS,"DNN Production License EVOQ, PROFESSIONAL EDITION"
0052x0000049BoSAAU,01t2x000003PncCAAS,"DNN Production License EVOQ, STANDARD SUCCESS"
0052x000002PZH9AAO,01t2x000001DpbnAAC,FogBugz:Kiln:Standard:Standard
0052x000003XjMPAA0,01t2x000001E1m7AAC,"DNN Production License EVOQ, PROFESSIONAL EDITION, STANDARD SUCCESS"
0052x000003XjMPAA0,01t2x000003PncBAAS,"DNN Production License EVOQ, PROFESSIONAL EDITION"
0052x000003XjMPAA0,01t2x000003PncCAAS,"DNN Production License EVOQ, STANDARD SUCCESS"
0052x0000049BoSAAU,01t2x000003Pn4fAAC,"ACRM CRM On-Premise MAINTENANCE, STANDARD EDITION, STANDARD SUCCESS"
0052x0000049BoSAAU,01t2x000002CJ5jAAG,"ACRM CRM On-Premise, STANDARD EDITION, STANDARD SUCCESS"
0052x0000049BoSAAU,01t2x0000026EqxAAE,"ACRM CRM On-Premise, STANDARD EDITION"
0052x0000048webAAA,01t2x000002HxYpAAK,MyAlerts: Main Subscription Platinum
0052x0000048webAAA,01t2x000002HxYzAAK,MyAlerts: Overage
0052x0000049BoSAAU,01t2x000003PnRQAA0,"GoMembers OnDemand, STANDARD EDITION, PLATINUM SUCCESS"
0052x0000049BoSAAU,01t2x000003PnR9AAK,"GoMembers OnDemand, STANDARD EDITION"
0052x0000049BoSAAU,01t2x000003PnR2AAK,"GoMembers OnDemand, PLATINUM SUCCESS"
0052x0000048webAAA,01t2x000002HxZ4AAK,MyAlerts: Rev Share
0052x000002Q1BbAAK,01t2x000003PsJ2AAK,"Mobilogy Software Full, PROFESSIONAL EDITION"
0052x0000049BoSAAU,01t2x0000026Er3AAE,"ACRM CRM On-Premise, PLATINUM SUCCESS"
0052x000003qiyMAAQ,01t2x000001E1lxAAC,"DNN Production EVOQ, STANDARD EDITION, GOLD SUCCESS"
0052x000003qiyMAAQ,01t2x000001E1mIAAS,"DNN Non-Production License EVOQ Basic, ADD-ON, Gold support"
0052x000003qiyMAAQ,01t2x000003PncbAAC,"DNN Non-Production License EVOQ, GOLD SUCCESS"
0052x000003qiyMAAQ,01t2x000003PncDAAS,"DNN Production License EVOQ, GOLD SUCCESS"
0052x000002Q1BbAAK,01t2x000003Px9KAAS,"Lyris (AEM) List Manager MAINTENANCE, STANDARD EDITION, STANDARD SUCCESS"
0052x000003qiyMAAQ,01t2x0000026DFJAA2,"NewNet Term Software License MAINTENANCE, STANDARD EDITION, PLATINUM SUCCESS"
0052x000003qiyMAAQ,01t2x000002CpD3AAK,"NewNet Term Software License, PLATINUM SUCCESS"
0052x0000057OQSAA2,01t2x000002HuDnAAK,CloudFix Term User License STANDARD
0052x00000574kYAAQ,01t2x000001DpaxAAC,Kayako COLLABORATOR TNK
0052x000002Q1BbAAK,01t2x000003Px9IAAS,"Lyris (AEM) List Manager, STANDARD EDITION, STANDARD SUCCESS"
0052x0000058tDvAAI,01t2x000002HyYsAAK,RightSpend
0052x0000057xOBAAY,01t2x000002BuF8AAK,"Pivotal Term User License MAINTENANCE, STANDARD EDITION, PLATINUM SUCCESS"
0052x0000057xOBAAY,01t2x000002Cm2mAAC,"Pivotal Term User License, PLATINUM SUCCESS"
0052x000003XjMPAA0,01t2x000001E1mHAAS,"DNN Production License EVOQ, PROFESSIONAL EDITION, PLATINUM SUCCESS"
0052x000003XjMPAA0,01t2x000001E1nKAAS,"DNN Non-Production License EVOQ Content, ADD-ON, Platinum support"
0052x000003XjMPAA0,01t2x000001E1nZAAS,"DNN Failover License EVOQ Content, ADD-ON, Platinum support"
0052x000003XjMPAA0,01t2x000003PncZAAS,"DNN Non-Production License EVOQ Content, ADD-ON"
0052x000003XjMPAA0,01t2x000003PnccAAC,"DNN Non-Production License EVOQ, PLATINUM SUCCESS"
0052x000003XjMPAA0,01t2x000003PncTAAS,"DNN Failover License EVOQ Content, ADD-ON"
0052x000003XjMPAA0,01t2x000003PncWAAS,"DNN Failover License EVOQ, PLATINUM SUCCESS"
0052x0000057OQrAAM,01t2x000002HyYsAAK,RightSpend
0052x000003qiyMAAQ,01t2x0000029JkKAAU,"Tradebeam iSupply, STANDARD EDITION, STANDARD SUCCESS"
0052x000003qiyMAAQ,01t2x0000029JkGAAU,"Tradebeam iSupply, STANDARD EDITION"
0052x000003qiyMAAQ,01t2x0000029JkHAAU,"Tradebeam iSupply, STANDARD SUCCESS"
0052x0000049sbGAAQ,01t2x0000026CAtAAM,"Bonzai (SaaS), STANDARD EDITION, PLATINUM SUCCESS"
0052x0000049sbGAAQ,01t2x0000026CAvAAM,"Bonzai (SaaS), STANDARD EDITION"
0052x0000049sbGAAQ,01t2x0000026CB7AAM,"Bonzai (SaaS), PLATINUM SUCCESS"
0052x000002QDFNAA4,01t2x000001DpaxAAC,Kayako COLLABORATOR TNK
0052x0000049BoSAAU,01t2x000002Cg4qAAC,Jive Extension Packs
0052x000002Q1BbAAK,01t2x000003Px9GAAS,"Lyris (AEM) List Manager, STANDARD SUCCESS"
0052x000002V6t4AAC,01t2x000003PsrsAAC,"BroadVision QuickSilver MAINTENANCE, STANDARD EDITION, STANDARD SUCCESS"
0052x000002V6t4AAC,01t2x000003PssBAAS,"BroadVision QuickSilver, STANDARD SUCCESS"
0052x000002QDFcAAO,01t2x000001DpaxAAC,Kayako COLLABORATOR TNK
0052x0000049BoSAAU,01t2x000002IWjpAAG,"Influitive PostBeyond, STANDARD EDITION, STANDARD SUCCESS"
0052x0000049BoSAAU,01t2x000002IWjzAAG,"Influitive PostBeyond, STANDARD EDITION"
0052x0000049BoSAAU,01t2x000002IWk9AAG,"Influitive PostBeyond, STANDARD SUCCESS"
0052x0000057xOBAAY,01t2x000001DpaxAAC,Kayako COLLABORATOR TNK
0052x000002Q1BbAAK,01t2x000002BuF3AAK,"Pivotal Term User License MAINTENANCE, STANDARD EDITION, STANDARD SUCCESS"
0052x000002Q1BbAAK,01t2x000002Cm2NAAS,"Pivotal Term User License, STANDARD SUCCESS"
0052x0000049BoSAAU,01t2x000002IWkOAAW,"Influitive PostBeyond, STANDARD EDITION, PLATINUM SUCCESS"
0052x0000049BoSAAU,01t2x000002IWkYAAW,"Influitive PostBeyond, PLATINUM SUCCESS"
0052x000003dwcIAAQ,01t2x000002IWkJAAW,"Influitive AdvocateHub, STANDARD EDITION, PLATINUM SUCCESS"
0052x000003dwcIAAQ,01t2x000002IWk4AAG,"Influitive AdvocateHub, STANDARD EDITION"
0052x000003dwcIAAQ,01t2x000002IWkTAAW,"Influitive AdvocateHub, PLATINUM SUCCESS"
0052x0000049BoSAAU,01t2x000002IWkJAAW,"Influitive AdvocateHub, STANDARD EDITION, PLATINUM SUCCESS"
0052x0000049BoSAAU,01t2x000002IWk4AAG,"Influitive AdvocateHub, STANDARD EDITION"
0052x000003dqwoAAA,01t2x000002ITl0AAG,"Kandy UCaaS License Package, STANDARD EDITION, PLATINUM SUCCESS"
0052x000003dqwoAAA,01t2x000002ITlKAAW,"Kandy UCaaS Skyvera Office, ADD-ON, Platinum support"
0052x000003dqwoAAA,01t2x000002ITlUAAW,"Kandy UCaaS Skyvera Power User, ADD-ON, Platinum support"
0052x000003dqwoAAA,01t2x000002ITleAAG,"Kandy Cloud Fax, ADD-ON, Platinum support"
0052x000003dqwoAAA,01t2x000002ITlyAAG,"Kandy Auto Attendant Additional, ADD-ON, Platinum support"
0052x000003dqwoAAA,01t2x000002ITo4AAG,"Kandy Auto Attendant Additional, ADD-ON"
0052x000003dqwoAAA,01t2x000002ITpHAAW,"Kandy Auto Attendant Additional, PLATINUM SUCCESS"
0052x000003dqwoAAA,01t2x000002ITnpAAG,"Kandy Cloud Fax, ADD-ON"
0052x000003dqwoAAA,01t2x000002ITp7AAG,"Kandy Cloud Fax, PLATINUM SUCCESS"
0052x000003dqwoAAA,01t2x000002ITnkAAG,"Kandy UCaaS Skyvera Power User, ADD-ON"
0052x000003dqwoAAA,01t2x000002ITn2AAG,"Kandy UCaaS Skyvera Power User, PLATINUM SUCCESS"
0052x000003dqwoAAA,01t2x000002ITnfAAG,"Kandy UCaaS Skyvera Office, ADD-ON"
0052x000003dqwoAAA,01t2x000002ITp2AAG,"Kandy UCaaS Skyvera Office, PLATINUM SUCCESS"
0052x000003dqwoAAA,01t2x000002ITnQAAW,"Kandy UCaaS License Package, STANDARD EDITION"
0052x000003dqwoAAA,01t2x000002ITnVAAW,"Kandy UCaaS License Package, PLATINUM SUCCESS"
0052x000003dqwoAAA,01t2x000002ITmmAAG,"Kandy UCD/Call Distribution, ADD-ON, Platinum support"
0052x000003dqwoAAA,01t2x000002IToYAAW,"Kandy UCD/Call Distribution, ADD-ON"
0052x000003dqwoAAA,01t2x000002ITpgAAG,"Kandy UCD/Call Distribution, PLATINUM SUCCESS"
0052x000003dqwoAAA,01t2x000002ITmwAAG,"Kandy UCD/Call Distribution Wallboard, ADD-ON, Platinum support"
0052x000003dqwoAAA,01t2x000002ITodAAG,"Kandy UCD/Call Distribution Wallboard, ADD-ON"
0052x000003dqwoAAA,01t2x000002ITplAAG,"Kandy UCD/Call Distribution Wallboard, PLATINUM SUCCESS"
0052x000003dqwoAAA,01t2x000002ITn6AAG,"Kandy Hunt Group Wallboard, ADD-ON, Platinum support"
0052x000003dqwoAAA,01t2x000002IToiAAG,"Kandy Hunt Group Wallboard, ADD-ON"
0052x000003dqwoAAA,01t2x000002ITpqAAG,"Kandy Hunt Group Wallboard, PLATINUM SUCCESS"
0052x000003dqwoAAA,01t2x000002ITnBAAW,"Kandy Advanced Hunt Group, ADD-ON, Platinum support"
0052x000003dqwoAAA,01t2x000002ITonAAG,"Kandy Advanced Hunt Group, ADD-ON"
0052x000003dqwoAAA,01t2x000002ITpvAAG,"Kandy Advanced Hunt Group, PLATINUM SUCCESS"
0052x000003dqwoAAA,01t2x000002ITnGAAW,"Kandy Scheduled Authorization Codes, ADD-ON, Platinum support"
0052x000003dqwoAAA,01t2x000002ITosAAG,"Kandy Scheduled Authorization Codes, ADD-ON"
0052x000003dqwoAAA,01t2x000002ITq0AAG,"Kandy Scheduled Authorization Codes, PLATINUM SUCCESS"
0052x0000049BoSAAU,01t2x000002IWkTAAW,"Influitive AdvocateHub, PLATINUM SUCCESS"
0052x0000049BoSAAU,01t2x000002IWjuAAG,"Influitive AdvocateHub, STANDARD EDITION, STANDARD SUCCESS"
0052x0000049BoSAAU,01t2x000002IWkEAAW,"Influitive AdvocateHub, STANDARD SUCCESS"
0052x000003X7B4AAK,01t2x000001E1nAAAS,"DNN Non-Production License EVOQ Engage, ADD-ON, Platinum support"
0052x000003X7B4AAK,01t2x000001E1mRAAS,"DNN Production EVOQ, ENTERPRISE EDITION, PLATINUM SUCCESS"
0052x000002Q1BbAAK,01t2x000002HyCfAAK,"Olive Software EStudio, GOLD SUCCESS"
0052x000002QDFNAA4,01t2x000000Jo9nAAC,Kayako OnPremise KC CASE SILVER
0052x00000224r5AAA,01t2x000000Jo9nAAC,Kayako OnPremise KC CASE SILVER
0052x000002PlCkAAK,01t2x000001DpbPAAS,BiznessApps:Individual:Standard:Standard
0052x0000021tzyAAA,01t2x000001E1knAAC,"DNN OnDemand EVOQ, PROFESSIONAL EDITION, STANDARD SUCCESS"
0052x000003ibFqAAI,01t2x000002Cg5BAAS,JIVE PS Fixed Fee
0052x0000049BoSAAU,01t2x000002CmgPAAS,"MessageOne AlertFind, STANDARD EDITION, PLATINUM SUCCESS"
0052x0000049BoSAAU,01t2x000002CmgYAAS,"MessageOne AlertFind, PLATINUM SUCCESS"
0052x000002V6t4AAC,01t2x000002Cg4VAAS,"Jive Cloud, STANDARD EDITION, STANDARD SUCCESS"
0052x000002V6t4AAC,01t2x0000026DFOAA2,"Jive Cloud, STANDARD EDITION"
0052x000002V6t4AAC,01t2x0000026DFTAA2,"Jive Cloud, STANDARD SUCCESS"
0052x000003XjMPAA0,01t2x000001E1lCAAS,"DNN CustomerCloud EVOQ, PROFESSIONAL EDITION, PLATINUM SUCCESS"
0052x000003XjMPAA0,01t2x000003PncKAAS,"DNN CustomerCloud EVOQ, PROFESSIONAL EDITION"
0052x000003XjMPAA0,01t2x000003PncNAAS,"DNN CustomerCloud EVOQ, PLATINUM SUCCESS"
0052x0000049sbGAAQ,01t2x000003Pvo2AAC,"InfoBright Subscription, STANDARD EDITION, PLATINUM SUCCESS"
0052x0000049sbGAAQ,01t2x000003PvnzAAC,"InfoBright Subscription, PLATINUM SUCCESS"
0052x000003XpHxAAK,01t2x000000Jo9nAAC,Kayako OnPremise KC CASE SILVER
0052x000003X7B4AAK,01t2x000002BskyAAC,"Pivotal Term User License, STANDARD EDITION, STANDARD SUCCESS"
0052x0000049sbGAAQ,01t2x000001E1lxAAC,"DNN Production EVOQ, STANDARD EDITION, GOLD SUCCESS"
0052x0000049sbGAAQ,01t2x000003Pnc9AAC,"DNN Production License EVOQ, STANDARD EDITION"
0052x0000049sbGAAQ,01t2x000003PncDAAS,"DNN Production License EVOQ, GOLD SUCCESS"
0052x0000057LUlAAM,01t2x000002HuE5AAK,M1 SaaS Archive with Platinum Support
0052x000002Q1BbAAK,01t2x000003Px9QAAS,"Lyris (AEM) Campaign Manager, STANDARD EDITION, PLATINUM SUCCESS"
0052x000003qiyMAAQ,01t2x000001E1m2AAC,"DNN Production License EVOQ, STANDARD EDITION, PLATINUM SUCCESS"
0052x000003qiyMAAQ,01t2x000003PncEAAS,"DNN Production License EVOQ, PLATINUM SUCCESS"
0052x000002Q1BbAAK,01t2x000003Px9OAAS,"Lyris (AEM) Campaign Manager, PLATINUM SUCCESS"
0052x000003XjMPAA0,01t2x000001E38rAAC,"DNN Additional Development License Customer Cloud EVOQ, ADD-ON, Platinum support"
0052x000003XjMPAA0,01t2x000003PncdAAC,"DNN Additional Development License Customer Cloud EVOQ, ADD-ON"
0052x000003XjMPAA0,01t2x000003PncfAAC,"DNN Additional Development License Customer Cloud EVOQ, PLATINUM SUCCESS"
0052x000003XjMPAA0,01t2x0000026EW2AAM,"Everest Term Software License, ENTERPRISE EDITION, PLATINUM SUCCESS"
0052x000003XjMPAA0,01t2x0000026EVtAAM,"Everest Term Software License, ENTERPRISE EDITION"
0052x000003XjMPAA0,01t2x0000026EVwAAM,"Everest Term Software License, PLATINUM SUCCESS"
0052x000002Q1BbAAK,01t2x000002HuE5AAK,M1 SaaS Archive with Platinum Support
0052x000003qiyMAAQ,01t2x000002Cg4tAAC,"Jive Private Cloud (On-Premise), STANDARD EDITION, STANDARD SUCCESS"
0052x000003qiyMAAQ,01t2x0000026DFNAA2,"Jive Private Cloud (On-Premise), STANDARD EDITION"
0052x000003qiyMAAQ,01t2x0000026DFQAA2,"Jive Private Cloud (On-Premise), STANDARD SUCCESS"
0052x0000049sbGAAQ,01t2x000003PncCAAS,"DNN Production License EVOQ, STANDARD SUCCESS"
0052x0000049sbGAAQ,01t2x000003PncaAAC,"DNN Non-Production License EVOQ, STANDARD SUCCESS"
0052x000003djGdAAI,01t2x000002CpD5AAK,NewNet Milestone Fees
0052x000003XjMPAA0,01t2x000001E1n5AAC,"DNN Non-Production License EVOQ Content, ADD-ON, Standard support"
0052x0000049sbGAAQ,01t2x000003PtGYAA0,"AnswerHub Internal (Number of Users) - SaaS, STANDARD EDITION, PLATINUM SUCCESS"
0052x000002V6t4AAC,01t2x000002CmgPAAS,"MessageOne AlertFind, STANDARD EDITION, PLATINUM SUCCESS"
0052x000002V6t4AAC,01t2x000002CmgYAAS,"MessageOne AlertFind, PLATINUM SUCCESS"
0052x000002V6t4AAC,01t2x000002CmgdAAC,"MessageOne USCAN Toll-Free Number, ADD-ON"
0052x0000049sbGAAQ,01t2x000002HyDsAAK,"Olive Software Full Digital, PROFESSIONAL EDITION, PLATINUM SUCCESS"
0052x0000049sbGAAQ,01t2x000002HyDYAA0,"Olive Software Full Digital, PROFESSIONAL EDITION"
0052x0000049sbGAAQ,01t2x000002HyDxAAK,"Olive Software Full Digital, PLATINUM SUCCESS"
0052x000002V6t4AAC,01t2x000002CmgeAAC,"MessageOne International Local Toll Numbers, ADD-ON"
0052x000002V6t4AAC,01t2x000002CmgfAAC,"MessageOne International Toll Free Numbers, ADD-ON"
0052x0000057ORLAA2,01t2x000002HyYsAAK,RightSpend
0052x0000049sbGAAQ,01t2x000003PnRKAA0,"GoMembers 4Gov, STANDARD EDITION, PLATINUM SUCCESS"
0052x0000049sbGAAQ,01t2x000003PnR8AAK,"GoMembers 4Gov, STANDARD EDITION"
0052x0000049sbGAAQ,01t2x000003PnQzAAK,"GoMembers 4Gov, PLATINUM SUCCESS"
0052x000002V6t4AAC,01t2x000003PsrtAAC,"BroadVision QuickSilver MAINTENANCE, STANDARD EDITION, PLATINUM SUCCESS"
0052x000002V6t4AAC,01t2x000003PssCAAS,"BroadVision QuickSilver, PLATINUM SUCCESS"
0052x000003qiyMAAQ,01t2x000001E1m7AAC,"DNN Production License EVOQ, PROFESSIONAL EDITION, STANDARD SUCCESS"
0052x000003qiyMAAQ,01t2x000001E1n5AAC,"DNN Non-Production License EVOQ Content, ADD-ON, Standard support"
0052x000003qiyMAAQ,01t2x000003PncBAAS,"DNN Production License EVOQ, PROFESSIONAL EDITION"
0052x000003qiyMAAQ,01t2x000003PncZAAS,"DNN Non-Production License EVOQ Content, ADD-ON"
0052x0000049BoSAAU,01t2x000002HtsqAAC,"Aurea Social Social, STANDARD EDITION, PLATINUM SUCCESS"
0052x0000049BoSAAU,01t2x000002HtrnAAC,"Aurea Social Social, STANDARD EDITION"
0052x0000049BoSAAU,01t2x000002Hts7AAC,"Aurea Social Social, PLATINUM SUCCESS"
0052x0000049BoSAAU,01t2x0000026DFVAA2,"Jive Cloud, PLATINUM SUCCESS"
0052x0000049BoSAAU,01t2x0000026BGEAA2,"Aurea Platform Messenger MAINTENANCE, STANDARD EDITION, PLATINUM SUCCESS"
0052x0000049BoSAAU,01t2x0000026BGcAAM,"Aurea Platform Messenger, PLATINUM SUCCESS"
0052x000002Q1BbAAK,01t2x000003Px9HAAS,"Lyris (AEM) List Manager, PLATINUM SUCCESS"
0052x000003dwcDAAQ,01t2x000002BskyAAC,"Pivotal Term User License, STANDARD EDITION, STANDARD SUCCESS"
0052x000003dwcDAAQ,01t2x000002Cm2IAAS,"Pivotal Term User License, STANDARD EDITION"
0052x000003dwcDAAQ,01t2x000002Cm2NAAS,"Pivotal Term User License, STANDARD SUCCESS"
0052x0000049sbGAAQ,01t2x000003PnRQAA0,"GoMembers OnDemand, STANDARD EDITION, PLATINUM SUCCESS"
0052x0000049sbGAAQ,01t2x000003PnR9AAK,"GoMembers OnDemand, STANDARD EDITION"
0052x0000049sbGAAQ,01t2x000003PnR2AAK,"GoMembers OnDemand, PLATINUM SUCCESS"
0052x0000057LUlAAM,01t2x000002BuF3AAK,"Pivotal Term User License MAINTENANCE, STANDARD EDITION, STANDARD SUCCESS"
0052x0000049BoSAAU,01t2x000002BuF3AAK,"Pivotal Term User License MAINTENANCE, STANDARD EDITION, STANDARD SUCCESS"
0052x000003Xj1qAAC,01t2x000003PsrtAAC,"BroadVision QuickSilver MAINTENANCE, STANDARD EDITION, PLATINUM SUCCESS"
0052x000003Xj1qAAC,01t2x000003PssCAAS,"BroadVision QuickSilver, PLATINUM SUCCESS"
0052x000003X7B4AAK,01t2x000002CXfAAAW,"Playbooks, STANDARD EDITION, PLATINUM SUCCESS"
0052x000003X7B4AAK,01t2x0000026DOGAA2,"Playbooks, STANDARD EDITION"
0052x000003X7B4AAK,01t2x0000026DOJAA2,"Playbooks, PLATINUM SUCCESS"
0052x000003X7B4AAK,01t2x0000026DOKAA2,"Playbooks Telephony, ADD-ON"
0052x0000049sbGAAQ,01t2x000001E1m7AAC,"DNN Production License EVOQ, PROFESSIONAL EDITION, STANDARD SUCCESS"
0052x0000049sbGAAQ,01t2x000001E1n5AAC,"DNN Non-Production License EVOQ Content, ADD-ON, Standard support"
0052x0000049BoSAAU,01t2x000001E1mXAAS,"DNN Non-Production License EVOQ Basic, ADD-ON, Platinum support"
0052x0000049BoSAAU,01t2x000001E1m2AAC,"DNN Production License EVOQ, STANDARD EDITION, PLATINUM SUCCESS"
0052x0000049BoSAAU,01t2x000003PncXAAS,"DNN Non-Production License EVOQ Basic, ADD-ON"
0052x0000049BoSAAU,01t2x000003PnccAAC,"DNN Non-Production License EVOQ, PLATINUM SUCCESS"
0052x0000049BoSAAU,01t2x000003Pnc9AAC,"DNN Production License EVOQ, STANDARD EDITION"
0052x0000049BoSAAU,01t2x000003PncEAAS,"DNN Production License EVOQ, PLATINUM SUCCESS"
0052x000003XjMPAA0,01t2x000003PncaAAC,"DNN Non-Production License EVOQ, STANDARD SUCCESS"
0052x0000057GMdAAM,01t2x000002HurTAAS,"STL Monetization MAINTENANCE, STANDARD EDITION, STANDARD SUCCESS"
0052x0000057GMdAAM,01t2x000002HurYAAS,"STL Monetization, STANDARD SUCCESS"
0052x0000057OQDAA2,01t2x000002HyYsAAK,RightSpend
0052x0000058gmEAAQ,01t2x000002BskyAAC,"Pivotal Term User License, STANDARD EDITION, STANDARD SUCCESS"
0052x0000058gmEAAQ,01t2x000002Cm2IAAS,"Pivotal Term User License, STANDARD EDITION"
0052x0000058gmEAAQ,01t2x000002Cm2NAAS,"Pivotal Term User License, STANDARD SUCCESS"
0052x0000049BoSAAU,01t2x000003PngjAAC,"Autotrol Tech Illustrator, STANDARD EDITION, PLATINUM SUCCESS"
0052x0000049BoSAAU,01t2x000002CrqsAAC,"Autotrol Tech Illustrator, STANDARD EDITION"
0052x0000049BoSAAU,01t2x000002Crr1AAC,"Autotrol Tech Illustrator, PLATINUM SUCCESS"
0052x0000049sbGAAQ,01t2x0000026BaxAAE,"NorthPlains Xinet (On-Prem) MAINTENANCE, STANDARD EDITION, STANDARD SUCCESS"
0052x0000049BoSAAU,01t2x000002BuF8AAK,"Pivotal Term User License MAINTENANCE, STANDARD EDITION, PLATINUM SUCCESS"
0052x000003qiyMAAQ,01t2x000001E1mHAAS,"DNN Production License EVOQ, PROFESSIONAL EDITION, PLATINUM SUCCESS"
0052x000003qiyMAAQ,01t2x000001E1nKAAS,"DNN Non-Production License EVOQ Content, ADD-ON, Platinum support"
0052x000003qiyMAAQ,01t2x000003PnccAAC,"DNN Non-Production License EVOQ, PLATINUM SUCCESS"
0052x0000049BoSAAU,01t2x0000026BFwAAM,"Aurea Platform Messenger, STANDARD EDITION, PLATINUM SUCCESS"
0052x0000049BoSAAU,01t2x0000026BGUAA2,"Aurea Platform Messenger, STANDARD EDITION"
0052x000003XjMPAA0,01t2x0000026BarAAE,"NorthPlains Xinet (On-Prem), STANDARD EDITION, STANDARD SUCCESS"
0052x000003XjMPAA0,01t2x0000026Bb3AAE,"NorthPlains Xinet (On-Prem), STANDARD EDITION"
0052x000003XjMPAA0,01t2x0000026Bb5AAE,"NorthPlains Xinet (On-Prem), STANDARD SUCCESS"
0052x000002Q1BbAAK,01t2x000003PssBAAS,"BroadVision QuickSilver, STANDARD SUCCESS"
0052x000002Q1BbAAK,01t2x000003PsrsAAC,"BroadVision QuickSilver MAINTENANCE, STANDARD EDITION, STANDARD SUCCESS"
0052x000003XjMPAA0,01t2x000001E1lsAAC,"DNN Production EVOQ, STANDARD EDITION, STANDARD SUCCESS"
0052x000003dwcIAAQ,01t2x0000026EqxAAE,"ACRM CRM On-Premise, STANDARD EDITION"
0052x000003dwcIAAQ,01t2x0000026Er3AAE,"ACRM CRM On-Premise, PLATINUM SUCCESS"
0052x0000057xOBAAY,01t2x000003PsrsAAC,"BroadVision QuickSilver MAINTENANCE, STANDARD EDITION, STANDARD SUCCESS"
0052x000003Xj1qAAC,01t2x000002Cg4VAAS,"Jive Cloud, STANDARD EDITION, STANDARD SUCCESS"
0052x000003Xj1qAAC,01t2x0000026DFOAA2,"Jive Cloud, STANDARD EDITION"
0052x000003Xj1qAAC,01t2x0000026DFTAA2,"Jive Cloud, STANDARD SUCCESS"
0052x000002QDFSAA4,01t2x000001E1lsAAC,"DNN Production EVOQ, STANDARD EDITION, STANDARD SUCCESS"
0052x000002QDFSAA4,01t2x000001E1mqAAC,"DNN Non-Production License EVOQ Basic, ADD-ON, Standard support"
0052x000002QDFNAA4,01t2x000001E1lxAAC,"DNN Production EVOQ, STANDARD EDITION, GOLD SUCCESS"
0052x0000020mFmAAI,01t2x000002BskyAAC,"Pivotal Term User License, STANDARD EDITION, STANDARD SUCCESS"
0052x000002Q1BbAAK,01t2x000002BskyAAC,"Pivotal Term User License, STANDARD EDITION, STANDARD SUCCESS"
0052x0000049BoSAAU,01t2x000002Cg4uAAC,"Jive Private Cloud (On-Premise), STANDARD EDITION, PLATINUM SUCCESS"
0052x0000049BoSAAU,01t2x0000026DFNAA2,"Jive Private Cloud (On-Premise), STANDARD EDITION"
0052x0000049BoSAAU,01t2x0000026DFSAA2,"Jive Private Cloud (On-Premise), PLATINUM SUCCESS"
0052x000002V6t4AAC,01t2x000003Px9LAAS,"Lyris (AEM) List Manager MAINTENANCE, STANDARD EDITION, PLATINUM SUCCESS"
0052x0000057xOBAAY,01t2x000003Px9KAAS,"Lyris (AEM) List Manager MAINTENANCE, STANDARD EDITION, STANDARD SUCCESS"
0052x0000057xOBAAY,01t2x000003Px9GAAS,"Lyris (AEM) List Manager, STANDARD SUCCESS"
0052x0000057xOBAAY,01t2x000003Px9JAAS,"Lyris (AEM) List Manager, STANDARD EDITION, PLATINUM SUCCESS"
0052x0000057xOBAAY,01t2x000003Px9FAAS,"Lyris (AEM) List Manager, STANDARD EDITION"
0052x000003XjMPAA0,01t2x000001E1mCAAS,"DNN Production License EVOQ, PROFESSIONAL EDITION, GOLD SUCCESS"
0052x000003XjMPAA0,01t2x000001E1nFAAS,"DNN Non-Production License EVOQ Content, ADD-ON, Gold support"
0052x000003XjMPAA0,01t2x000003PncbAAC,"DNN Non-Production License EVOQ, GOLD SUCCESS"
0052x000003XjMPAA0,01t2x000003PncDAAS,"DNN Production License EVOQ, GOLD SUCCESS"
0052x0000049sbGAAQ,01t2x000003PncXAAS,"DNN Non-Production License EVOQ Basic, ADD-ON"
0052x0000049sbGAAQ,01t2x000002HwyyAAC,"Everest Term Software License MAINTENANCE, ENTERPRISE EDITION, PLATINUM SUCCESS"
0052x0000049sbGAAQ,01t2x000002HyCVAA0,"Olive Software EStudio, STANDARD SUCCESS"
0052x0000049sbGAAQ,01t2x000002HyCQAA0,"Olive Software EStudio, STANDARD EDITION"
0052x000003qiyMAAQ,01t2x0000029JkMAAU,"Tradebeam iSupply, STANDARD EDITION, PLATINUM SUCCESS"
0052x000003qiyMAAQ,01t2x0000029JkJAAU,"Tradebeam iSupply, PLATINUM SUCCESS"
0052x000002PlCpAAK,01t2x000001DpbPAAS,BiznessApps:Individual:Standard:Standard
0052x000003qiyMAAQ,01t2x0000029JkLAAU,"Tradebeam iSupply, STANDARD EDITION, GOLD SUCCESS"
0052x000003qiyMAAQ,01t2x0000029JkIAAU,"Tradebeam iSupply, GOLD SUCCESS"
0052x0000049sbGAAQ,01t2x000000Jo9nAAC,Kayako OnPremise KC CASE SILVER
0052x0000049sbGAAQ,01t2x000001E1lsAAC,"DNN Production EVOQ, STANDARD EDITION, STANDARD SUCCESS"
0052x0000057xOBAAY,01t2x000000JoARAA0,Kayako OnPremise KC PROFESSIONAL PLATINUM
0052x0000057LUlAAM,01t2x000002HyDYAA0,"Olive Software Full Digital, PROFESSIONAL EDITION"
0052x0000049BoSAAU,01t2x0000026EGPAA2,"Sensage Subscription MAINTENANCE, STANDARD EDITION, PLATINUM SUCCESS"
0052x0000049BoSAAU,01t2x0000026EGMAA2,"Sensage Subscription, PLATINUM SUCCESS"
0052x000002QZ9kAAG,01t2x000001DpbjAAC,FogBugz:OnDemand:Standard:Standard
0052x000003XpHxAAK,01t2x000002CmgeAAC,"MessageOne International Local Toll Numbers, ADD-ON"
0052x000003qiyMAAQ,01t2x000003Pw35AAC,"Verdiem License, STANDARD EDITION, PLATINUM SUCCESS"
0052x000003qiyMAAQ,01t2x000003Pw2zAAC,"Verdiem License, STANDARD EDITION"
0052x000003qiyMAAQ,01t2x000003Pw32AAC,"Verdiem License, PLATINUM SUCCESS"
0052x0000057xOBAAY,01t2x0000026DOJAA2,"Playbooks, PLATINUM SUCCESS"
0052x0000057xOBAAY,01t2x0000026DOKAA2,"Playbooks Telephony, ADD-ON"
0052x0000057xOBAAY,01t2x000002CXfAAAW,"Playbooks, STANDARD EDITION, PLATINUM SUCCESS"
0052x0000057xOBAAY,01t2x0000026DOGAA2,"Playbooks, STANDARD EDITION"
0052x000002V6t4AAC,01t2x000002Cg4tAAC,"Jive Private Cloud (On-Premise), STANDARD EDITION, STANDARD SUCCESS"
0052x000002V6t4AAC,01t2x0000026DFNAA2,"Jive Private Cloud (On-Premise), STANDARD EDITION"
0052x000002V6t4AAC,01t2x0000026DFQAA2,"Jive Private Cloud (On-Premise), STANDARD SUCCESS"
0052x000003XpHxAAK,01t2x000002CmgQAAS,"MessageOne AlertFind, STANDARD EDITION"
0052x0000049BoSAAU,01t2x000003PnghAAC,"Autotrol Tech Illustrator, STANDARD EDITION, STANDARD SUCCESS"
0052x0000049BoSAAU,01t2x000003PngkAAC,"Autotrol Tech Illustrator, STANDARD SUCCESS"
0052x0000057GMdAAM,01t2x000002I0oaAAC,STL-TE-WiF-SIL
0052x00000588eeAAA,01t2x000003PncEAAS,"DNN Production License EVOQ, PLATINUM SUCCESS"
0052x0000049BoSAAU,01t2x000002HtrJAAS,"Accuris Term Software License, Hosted STANDARD EDITION, PLATINUM SUCCESS"
0052x0000049BoSAAU,01t2x000002HtrOAAS,"Accuris Term Software License, STANDARD EDITION"
0052x0000049BoSAAU,01t2x000002HtqpAAC,"Accuris Term Software License, PLATINUM SUCCESS"
0052x0000049sbGAAQ,01t2x000002HyCLAA0,"Olive Software EStudio, STANDARD EDITION, STANDARD SUCCESS"
0052x0000049BoSAAU,01t2x000002CmgdAAC,"MessageOne USCAN Toll-Free Number, ADD-ON"
0052x0000049BoSAAU,01t2x000002CmgeAAC,"MessageOne International Local Toll Numbers, ADD-ON"
0052x0000049BoSAAU,01t2x000002CmgfAAC,"MessageOne International Toll Free Numbers, ADD-ON"
0052x000003dwcmAAA,01t2x000002BskyAAC,"Pivotal Term User License, STANDARD EDITION, STANDARD SUCCESS"
0052x000003dwcmAAA,01t2x000002Cm2IAAS,"Pivotal Term User License, STANDARD EDITION"
0052x000003dwcmAAA,01t2x000002Cm2NAAS,"Pivotal Term User License, STANDARD SUCCESS"
0052x000003X7B4AAK,01t2x000002Cg4tAAC,"Jive Private Cloud (On-Premise), STANDARD EDITION, STANDARD SUCCESS"
0052x000003X7B4AAK,01t2x0000026DFNAA2,"Jive Private Cloud (On-Premise), STANDARD EDITION"
0052x000003X7B4AAK,01t2x0000026DFQAA2,"Jive Private Cloud (On-Premise), STANDARD SUCCESS"
0052x0000049BoSAAU,01t2x000001E0d7AAC,"DNN Domain Names EVOQ - Additional 5 Pack, ADD-ON, Standard support"
0052x0000049BoSAAU,01t2x000003PnckAAC,"DNN Domain Names EVOQ - Additional 5 Pack, ADD-ON"
0052x0000049BoSAAU,01t2x000003PncnAAC,"DNN Domain Names EVOQ - Additional 5 Pack, STANDARD SUCCESS"
0052x00000588eeAAA,01t2x000000JoARAA0,Kayako OnPremise KC PROFESSIONAL PLATINUM
0052x000003XjMPAA0,01t2x000001E1mqAAC,"DNN Non-Production License EVOQ Basic, ADD-ON, Standard support"
0052x000003XjMPAA0,01t2x000003PncXAAS,"DNN Non-Production License EVOQ Basic, ADD-ON"
0052x0000058tDvAAI,01t2x000002HtrJAAS,"Accuris Term Software License, Hosted STANDARD EDITION, PLATINUM SUCCESS"
0052x0000058tDvAAI,01t2x000002HtrOAAS,"Accuris Term Software License, STANDARD EDITION"
0052x0000058tDvAAI,01t2x000002HtqpAAC,"Accuris Term Software License, PLATINUM SUCCESS"
0052x000003XjMjAAK,01t2x000001DpaxAAC,Kayako COLLABORATOR TNK
0052x000003XqQMAA0,01t2x000001DpaxAAC,Kayako COLLABORATOR TNK
0052x000003XjMPAA0,01t2x000001EC00AAG,SLI Success Level STANDARD
0052x000002VEL6AAO,01t2x000001DpaxAAC,Kayako COLLABORATOR TNK
0052x000003X4nzAAC,01t2x000001v9thAAA,SLI LEARNING SEARCH STANDARD STANDARD
0052x0000022LvqAAE,01t2x000001E1lsAAC,"DNN Production EVOQ, STANDARD EDITION, STANDARD SUCCESS"
0052x000003Xem4AAC,01t2x000001DpaxAAC,Kayako COLLABORATOR TNK
0052x000002QDFSAA4,01t2x000000Jo9nAAC,Kayako OnPremise KC CASE SILVER
0052x00000224r5AAA,01t2x000001E1mIAAS,"DNN Non-Production License EVOQ Basic, ADD-ON, Gold support"
0052x00000224r5AAA,01t2x000001E1lxAAC,"DNN Production EVOQ, STANDARD EDITION, GOLD SUCCESS"
0052x000002V6t4AAC,01t2x000001DpaxAAC,Kayako COLLABORATOR TNK
0052x000003XiVYAA0,01t2x000001DpaxAAC,Kayako COLLABORATOR TNK
0052x00000224r5AAA,01t2x000001E391AAC,"DNN Domain Names EVOQ - Additional 5 Pack, ADD-ON, Platinum support"
0052x00000224r5AAA,01t2x000001E1lsAAC,"DNN Production EVOQ, STANDARD EDITION, STANDARD SUCCESS"
0052x00000224r5AAA,01t2x000001E1mqAAC,"DNN Non-Production License EVOQ Basic, ADD-ON, Standard support"
0052x000003XjMjAAK,01t2x000000Jo9nAAC,Kayako OnPremise KC CASE SILVER
0052x00000224r5AAA,01t2x000001DpaxAAC,Kayako COLLABORATOR TNK
0052x000002QDFSAA4,01t2x000001E1m7AAC,"DNN Production License EVOQ, PROFESSIONAL EDITION, STANDARD SUCCESS"
0052x000002QDFSAA4,01t2x000001E1n5AAC,"DNN Non-Production License EVOQ Content, ADD-ON, Standard support"
0052x000002QDFSAA4,01t2x000001E0d2AAC,"DNN Additional Development License Customer Cloud EVOQ, ADD-ON, Standard support"
0052x000003XjMPAA0,01t2x000001E1m2AAC,"DNN Production License EVOQ, STANDARD EDITION, PLATINUM SUCCESS"
0052x000003XjMPAA0,01t2x000001E1mXAAS,"DNN Non-Production License EVOQ Basic, ADD-ON, Platinum support"
0052x00000224r5AAA,01t2x000000JoARAA0,Kayako OnPremise KC PROFESSIONAL PLATINUM
0052x000003qyGIAAY,01t2x000001E1lsAAC,"DNN Production EVOQ, STANDARD EDITION, STANDARD SUCCESS"
0052x000003XjMPAA0,01t2x000001v9tmAAA,SLI LEARNING SEARCH STANDARD GOLD
0052x000002QDFSAA4,01t2x000001E1nQAAS,"DNN Failover License EVOQ Content, ADD-ON, Gold support"
0052x000003XjMPAA0,01t2x000001E0d7AAC,"DNN Domain Names EVOQ - Additional 5 Pack, ADD-ON, Standard support"
0052x000003XjMPAA0,01t2x000001E1mqAAC,"DNN Non-Production License EVOQ Basic, ADD-ON, Standard support"
0052x000003X42aAAC,01t2x000001DpaxAAC,Kayako COLLABORATOR TNK
0052x000002QDFSAA4,01t2x000001E1nZAAS,"DNN Failover License EVOQ Content, ADD-ON, Platinum support"
0052x000002QDFSAA4,01t2x000001E1mHAAS,"DNN Production License EVOQ, PROFESSIONAL EDITION, PLATINUM SUCCESS"
0052x000002QDFSAA4,01t2x000001E1nKAAS,"DNN Non-Production License EVOQ Content, ADD-ON, Platinum support"
0052x000003Xem4AAC,01t2x000000Jo9nAAC,Kayako OnPremise KC CASE SILVER
0052x00000224r5AAA,01t2x000001E1m2AAC,"DNN Production License EVOQ, STANDARD EDITION, PLATINUM SUCCESS"
0052x00000224r5AAA,01t2x000001E1mXAAS,"DNN Non-Production License EVOQ Basic, ADD-ON, Platinum support"
0052x00000224r5AAA,01t2x000001E1m7AAC,"DNN Production License EVOQ, PROFESSIONAL EDITION, STANDARD SUCCESS"
0052x00000224r5AAA,01t2x000001E1n5AAC,"DNN Non-Production License EVOQ Content, ADD-ON, Standard support"
0052x000002QDFSAA4,01t2x000001E1mRAAS,"DNN Production EVOQ, ENTERPRISE EDITION, PLATINUM SUCCESS"
0052x000002QDFSAA4,01t2x000001E1nAAAS,"DNN Non-Production License EVOQ Engage, ADD-ON, Platinum support"
0052x000002QDFSAA4,01t2x000001E0d7AAC,"DNN Domain Names EVOQ - Additional 5 Pack, ADD-ON, Standard support"
0052x000003XjMPAA0,01t2x000000Jo9nAAC,Kayako OnPremise KC CASE SILVER
0052x000002QDFSAA4,01t2x000001E1lxAAC,"DNN Production EVOQ, STANDARD EDITION, GOLD SUCCESS"
0052x000003X42aAAC,01t2x000001E1lsAAC,"DNN Production EVOQ, STANDARD EDITION, STANDARD SUCCESS"
0052x000002UbLmAAK,01t2x000001DpaxAAC,Kayako COLLABORATOR TNK
0052x000003ibFqAAI,01t2x000001E1m7AAC,"DNN Production License EVOQ, PROFESSIONAL EDITION, STANDARD SUCCESS"
0052x000003ibFqAAI,01t2x000003PncaAAC,"DNN Non-Production License EVOQ, STANDARD SUCCESS"
0052x000003ibFqAAI,01t2x000003PncZAAS,"DNN Non-Production License EVOQ Content, ADD-ON"
0052x000003ibFqAAI,01t2x000002Cg4tAAC,"Jive Private Cloud (On-Premise), STANDARD EDITION, STANDARD SUCCESS"
0052x000003ibFqAAI,01t2x0000026DFNAA2,"Jive Private Cloud (On-Premise), STANDARD EDITION"
0052x000003ibFqAAI,01t2x0000026DFQAA2,"Jive Private Cloud (On-Premise), STANDARD SUCCESS"
0052x000002QRDQAA4,01t2x000001v9thAAA,SLI LEARNING SEARCH STANDARD STANDARD
0052x000002Q1BbAAK,01t2x00000269f1AAA,"Finserv Product(AIS) Aurea Insurance Solutions Hosted, STANDARD SUCCESS"
0052x000002QDFSAA4,01t2x000001E0d8AAC,"DNN Sub Domains EVOQ - Additional 5 Pack, ADD-ON, Standard support"
0052x000003XpHxAAK,01t2x000003PsrtAAC,"BroadVision QuickSilver MAINTENANCE, STANDARD EDITION, PLATINUM SUCCESS"
0052x000003XpHxAAK,01t2x000003PssCAAS,"BroadVision QuickSilver, PLATINUM SUCCESS"
0052x00000588eeAAA,01t2x000003Pnc9AAC,"DNN Production License EVOQ, STANDARD EDITION"
0052x000003XjMPAA0,01t2x000001E1lxAAC,"DNN Production EVOQ, STANDARD EDITION, GOLD SUCCESS"
0052x0000049sbGAAQ,01t2x000002HyCgAAK,"Olive Software EStudio, STANDARD EDITION, PLATINUM SUCCESS"
0052x0000049sbGAAQ,01t2x000002HyCkAAK,"Olive Software EStudio, PLATINUM SUCCESS"
0052x00000588eeAAA,01t2x000001E1l3AAC,"DNN OnDemand EVOQ, PROFESSIONAL EDITION, PLATINUM SUCCESS"
0052x00000588eeAAA,01t2x000003Pnc5AAC,"DNN OnDemand EVOQ, PROFESSIONAL EDITION"
0052x00000588eeAAA,01t2x000003Pnc8AAC,"DNN OnDemand EVOQ, PLATINUM SUCCESS"
0052x00000588eeAAA,01t2x000001E1m2AAC,"DNN Production License EVOQ, STANDARD EDITION, PLATINUM SUCCESS"
0052x000003XjMPAA0,01t2x0000026EGSAA2,"Acorn Subscription On-Prem MAINTENANCE, STANDARD EDITION, PLATINUM SUCCESS"
0052x000003XjMPAA0,01t2x0000026EGXAA2,"Acorn Subscription On-Prem, PLATINUM SUCCESS"
0052x000002QDFSAA4,01t2x000001E1kpAAC,"DNN CustomerCloud EVOQ, PROFESSIONAL EDITION, STANDARD SUCCESS"
0052x000002QRDQAA4,01t2x000001DpaxAAC,Kayako COLLABORATOR TNK
0052x000002UMaMAAW,01t2x000001E1lsAAC,"DNN Production EVOQ, STANDARD EDITION, STANDARD SUCCESS"
0052x0000057LUlAAM,01t2x0000029JnKAAU,Aurea OT Messenger (Sonic) Perpetual License
0052x000003ibFqAAI,01t2x000003PncCAAS,"DNN Production License EVOQ, STANDARD SUCCESS"
0052x0000057AtbAAE,01t2x0000029JnKAAU,Aurea OT Messenger (Sonic) Perpetual License
0052x000003r6Z1AAI,01t2x000002ITunAAG,"Kandy CPaaS License Package, STANDARD EDITION, STANDARD SUCCESS"
0052x000003qiyMAAQ,01t2x000002Cg4WAAS,"Jive Cloud, STANDARD EDITION, PLATINUM SUCCESS"
0052x000003qiyMAAQ,01t2x0000026DFOAA2,"Jive Cloud, STANDARD EDITION"
0052x000003qiyMAAQ,01t2x0000026DFVAA2,"Jive Cloud, PLATINUM SUCCESS"
0052x000003r6Z1AAI,01t2x000002ITlFAAW,"Kandy CPaaS License Package, STANDARD EDITION"
0052x0000021tztAAA,01t2x000001v9thAAA,SLI LEARNING SEARCH STANDARD STANDARD
0052x000002Q1BbAAK,01t2x000003Pvo0AAC,"InfoBright Subscription, STANDARD EDITION, STANDARD SUCCESS"
0052x000002Q1BbAAK,01t2x000003PvnwAAC,"InfoBright Subscription, STANDARD EDITION"
0052x000002Q1BbAAK,01t2x000003PvnxAAC,"InfoBright Subscription, STANDARD SUCCESS"
0052x00000586ISAAY,01t2x000002I0oPAAS,Professional service milestone fees
0052x000002Q1BbAAK,01t2x0000029JkGAAU,"Tradebeam iSupply, STANDARD EDITION"
0052x000003XjMPAA0,01t2x000003PnsCAAS,"PeerApp PAcache, STANDARD EDITION, PLATINUM SUCCESS"
0052x000003XjMPAA0,01t2x000003PnsGAAS,"PeerApp PAcache, STANDARD EDITION"
0052x000003XjMPAA0,01t2x000003PnsIAAS,"PeerApp PAcache, PLATINUM SUCCESS"
0052x000002QDFSAA4,01t2x000001E1knAAC,"DNN OnDemand EVOQ, PROFESSIONAL EDITION, STANDARD SUCCESS"
0052x000002QDFSAA4,01t2x000001E0dCAAS,"DNN Additional Development Sandbox OnDemand EVOQ, ADD-ON, Standard support"
0052x000002QDFSAA4,01t2x000001E1mCAAS,"DNN Production License EVOQ, PROFESSIONAL EDITION, GOLD SUCCESS"
0052x000002QDFSAA4,01t2x000001E1nFAAS,"DNN Non-Production License EVOQ Content, ADD-ON, Gold support"
0052x000002QDFSAA4,01t2x000001E1mXAAS,"DNN Non-Production License EVOQ Basic, ADD-ON, Platinum support"
0052x000003XjMPAA0,01t2x000001E1mXAAS,"DNN Non-Production License EVOQ Basic, ADD-ON, Platinum support"
0052x0000049sbGAAQ,01t2x0000026DBiAAM,"ObjectStore Subscription License, STANDARD EDITION"
0052x0000049sbGAAQ,01t2x0000026DBkAAM,"ObjectStore Subscription License, GOLD SUCCESS"
0052x0000048sB8AAI,01t2x000002BuF3AAK,"Pivotal Term User License MAINTENANCE, STANDARD EDITION, STANDARD SUCCESS"
0052x0000048sB8AAI,01t2x000002Cm2NAAS,"Pivotal Term User License, STANDARD SUCCESS"
0052x0000049sbGAAQ,01t2x000001E1m2AAC,"DNN Production License EVOQ, STANDARD EDITION, PLATINUM SUCCESS"
0052x0000057y42AAA,01t2x000002CpD5AAK,NewNet Milestone Fees
0052x000002Q1BbAAK,01t2x000002CLkzAAG,"Acorn Subscription On-Prem, STANDARD EDITION, PLATINUM SUCCESS"
0052x000003XjMjAAK,01t2x000001E1nPAAS,"DNN Failover License EVOQ Content, ADD-ON, Standard support"
0052x000003XjMjAAK,01t2x000001E1n5AAC,"DNN Non-Production License EVOQ Content, ADD-ON, Standard support"
0052x00000588eeAAA,01t2x000001DpaxAAC,Kayako COLLABORATOR TNK
0052x000003qyGIAAY,01t2x000003PtuRAAS,"ARTEMIS (APS) 7, PLATINUM SUCCESS"
0052x000003XjMjAAK,01t2x000001E1m7AAC,"DNN Production License EVOQ, PROFESSIONAL EDITION, STANDARD SUCCESS"
0052x000003Xem4AAC,01t2x000001E1mqAAC,"DNN Non-Production License EVOQ Basic, ADD-ON, Standard support"
0052x000003Xem4AAC,01t2x000001E1lsAAC,"DNN Production EVOQ, STANDARD EDITION, STANDARD SUCCESS"
0052x0000049sbGAAQ,01t2x000002HyDnAAK,"Olive Software Full Digital, GOLD SUCCESS"
0052x000003qyGIAAY,01t2x000003PtuYAAS,"ARTEMIS (APS) 7, STANDARD EDITION, PLATINUM SUCCESS"
0052x000000aVjTAAU,01t2x000003Px9FAAS,"Lyris (AEM) List Manager, STANDARD EDITION"
0052x000003XqQMAA0,01t2x000001E1mqAAC,"DNN Non-Production License EVOQ Basic, ADD-ON, Standard support"
0052x000002Uu7fAAC,01t2x000001E1m2AAC,"DNN Production License EVOQ, STANDARD EDITION, PLATINUM SUCCESS"
0052x000003Xem4AAC,01t2x000001E1m2AAC,"DNN Production License EVOQ, STANDARD EDITION, PLATINUM SUCCESS"
0052x000003Xem4AAC,01t2x000001E1mXAAS,"DNN Non-Production License EVOQ Basic, ADD-ON, Platinum support"
0052x000003XjMPAA0,01t2x000002CLl4AAG,"Acorn Subscription On-Prem, STANDARD EDITION, GOLD SUCCESS"
0052x0000048sB8AAI,01t2x000001E1mCAAS,"DNN Production License EVOQ, PROFESSIONAL EDITION, GOLD SUCCESS"
0052x0000048sB8AAI,01t2x000001E1nFAAS,"DNN Non-Production License EVOQ Content, ADD-ON, Gold support"
0052x0000020uJLAAY,01t2x000001DpbPAAS,BiznessApps:Individual:Standard:Standard
0052x000002Uu7fAAC,01t2x000001DpaxAAC,Kayako COLLABORATOR TNK
0052x000002QDFcAAO,01t2x000001E1m7AAC,"DNN Production License EVOQ, PROFESSIONAL EDITION, STANDARD SUCCESS"
0052x000002QDFcAAO,01t2x000001E1n5AAC,"DNN Non-Production License EVOQ Content, ADD-ON, Standard support"
0052x000002Uu7fAAC,01t2x000001E1kpAAC,"DNN CustomerCloud EVOQ, PROFESSIONAL EDITION, STANDARD SUCCESS"
0052x000002Uu7fAAC,01t2x000001E0d7AAC,"DNN Domain Names EVOQ - Additional 5 Pack, ADD-ON, Standard support"
0052x000002Uu7fAAC,01t2x000001E0d2AAC,"DNN Additional Development License Customer Cloud EVOQ, ADD-ON, Standard support"
0052x000002QDFSAA4,01t2x000000JoADAA0,Kayako OnPremise KC FUSION GOLD
0052x000002QZ9kAAG,01t2x000001DpbPAAS,BiznessApps:Individual:Standard:Standard
0052x0000049sbGAAQ,01t2x000003Pw35AAC,"Verdiem License, STANDARD EDITION, PLATINUM SUCCESS"
0052x0000049sbGAAQ,01t2x000003Pw2zAAC,"Verdiem License, STANDARD EDITION"
0052x0000049sbGAAQ,01t2x000003Pw32AAC,"Verdiem License, PLATINUM SUCCESS"
0052x000003djGdAAI,01t2x0000026Bb5AAE,"NorthPlains Xinet (On-Prem), STANDARD SUCCESS"
0052x0000021tzyAAA,01t2x000001E1nKAAS,"DNN Non-Production License EVOQ Content, ADD-ON, Platinum support"
0052x0000020zRgAAI,01t2x000001DpbnAAC,FogBugz:Kiln:Standard:Standard
0052x0000020uJLAAY,01t2x000001DpbaAAC,FogBugz:OnPremise:Standard:Standard
0052x000002PlCpAAK,01t2x000001DpbnAAC,FogBugz:Kiln:Standard:Standard
0052x000002QRDQAA4,01t2x000000Jo9nAAC,Kayako OnPremise KC CASE SILVER
0052x000002QZ9kAAG,01t2x000001DUEkAAO,BiznessApps:Reseller:Standard:Gold
0052x0000021tzyAAA,01t2x000001E0d2AAC,"DNN Additional Development License Customer Cloud EVOQ, ADD-ON, Standard support"
0052x000002QDFXAA4,01t2x000000Jo9nAAC,Kayako OnPremise KC CASE SILVER
0052x000003X4nzAAC,01t2x000001v9tmAAA,SLI LEARNING SEARCH STANDARD GOLD
0052x000003XqQMAA0,01t2x000001E1lsAAC,"DNN Production EVOQ, STANDARD EDITION, STANDARD SUCCESS"
0052x000003XjMjAAK,01t2x000001E1kpAAC,"DNN CustomerCloud EVOQ, PROFESSIONAL EDITION, STANDARD SUCCESS"
0052x000003XjMjAAK,01t2x000001E0d2AAC,"DNN Additional Development License Customer Cloud EVOQ, ADD-ON, Standard support"
0052x000003Xem4AAC,01t2x000000JoARAA0,Kayako OnPremise KC PROFESSIONAL PLATINUM
0052x000003Xem4AAC,01t2x000000Jo9yAAC,Kayako OnPremise KC CASE PLATINUM
0052x000003XjMjAAK,01t2x000001E1lsAAC,"DNN Production EVOQ, STANDARD EDITION, STANDARD SUCCESS"
0052x000003XjMjAAK,01t2x000001E1mWAAS,"DNN Failover License EVOQ Basic, ADD-ON, Standard support"
0052x000002Q1BbAAK,01t2x000002CLkuAAG,"Acorn Subscription On-Prem, STANDARD EDITION, STANDARD SUCCESS"
0052x000003Xj1qAAC,01t2x000001E1m7AAC,"DNN Production License EVOQ, PROFESSIONAL EDITION, STANDARD SUCCESS"
0052x000003Xem4AAC,01t2x000001E38wAAC,"DNN Domain Names EVOQ - Additional 5 Pack, ADD-ON, Gold support"
0052x000003Xem4AAC,01t2x000001E1mIAAS,"DNN Non-Production License EVOQ Basic, ADD-ON, Gold support"
0052x000003Xem4AAC,01t2x000001E1lxAAC,"DNN Production EVOQ, STANDARD EDITION, GOLD SUCCESS"
0052x000003Xem4AAC,01t2x000001E1mCAAS,"DNN Production License EVOQ, PROFESSIONAL EDITION, GOLD SUCCESS"
0052x000003Xem4AAC,01t2x000001E1nFAAS,"DNN Non-Production License EVOQ Content, ADD-ON, Gold support"
0052x000002Uu7fAAC,01t2x000001E1mXAAS,"DNN Non-Production License EVOQ Basic, ADD-ON, Platinum support"
0052x000002Uu7fAAC,01t2x000001E1mHAAS,"DNN Production License EVOQ, PROFESSIONAL EDITION, PLATINUM SUCCESS"
0052x000002Uu7fAAC,01t2x000001E1nKAAS,"DNN Non-Production License EVOQ Content, ADD-ON, Platinum support"
0052x000003XqQMAA0,01t2x000001E1lxAAC,"DNN Production EVOQ, STANDARD EDITION, GOLD SUCCESS"
0052x000002Uu7fAAC,01t2x000001E1mqAAC,"DNN Non-Production License EVOQ Basic, ADD-ON, Standard support"
0052x000002Uu7fAAC,01t2x000001E1lsAAC,"DNN Production EVOQ, STANDARD EDITION, STANDARD SUCCESS"
0052x000002Uu7fAAC,01t2x000001E1mIAAS,"DNN Non-Production License EVOQ Basic, ADD-ON, Gold support"
0052x000002Uu7fAAC,01t2x000001E1lxAAC,"DNN Production EVOQ, STANDARD EDITION, GOLD SUCCESS"
0052x000003XqQMAA0,01t2x000001E1mIAAS,"DNN Non-Production License EVOQ Basic, ADD-ON, Gold support"
0052x0000048sB8AAI,01t2x000001DpaxAAC,Kayako COLLABORATOR TNK
0052x000003Xem4AAC,01t2x000001E1mHAAS,"DNN Production License EVOQ, PROFESSIONAL EDITION, PLATINUM SUCCESS"
0052x000003Xem4AAC,01t2x000001E1nKAAS,"DNN Non-Production License EVOQ Content, ADD-ON, Platinum support"
0052x000002Uu7fAAC,01t2x000001E1lCAAS,"DNN CustomerCloud EVOQ, PROFESSIONAL EDITION, PLATINUM SUCCESS"
0052x000002Uu7fAAC,01t2x000001E38rAAC,"DNN Additional Development License Customer Cloud EVOQ, ADD-ON, Platinum support"
0052x000002QDFNAA4,01t2x000000JoARAA0,Kayako OnPremise KC PROFESSIONAL PLATINUM
0052x000003XjMjAAK,01t2x000001E1nZAAS,"DNN Failover License EVOQ Content, ADD-ON, Platinum support"
0052x000003XjMjAAK,01t2x000001E391AAC,"DNN Domain Names EVOQ - Additional 5 Pack, ADD-ON, Platinum support"
0052x000002QDFXAA4,01t2x000000JoADAA0,Kayako OnPremise KC FUSION GOLD
0052x000002QDFSAA4,01t2x000001E39GAAS,"DNN Sub Domains EVOQ - Additional 5 Pack, ADD-ON, Gold support"
0052x000001zqnXAAQ,01t2x000001DpbnAAC,FogBugz:Kiln:Standard:Standard
0052x000002Q1BbAAK,01t2x000002CLl4AAG,"Acorn Subscription On-Prem, STANDARD EDITION, GOLD SUCCESS"
0052x000003Xem4AAC,01t2x000001E1m7AAC,"DNN Production License EVOQ, PROFESSIONAL EDITION, STANDARD SUCCESS"
0052x000003Xem4AAC,01t2x000001E1n5AAC,"DNN Non-Production License EVOQ Content, ADD-ON, Standard support"
0052x000003Xem4AAC,01t2x000001E1nPAAS,"DNN Failover License EVOQ Content, ADD-ON, Standard support"
0052x000003XjMPAA0,01t2x000002CLkzAAG,"Acorn Subscription On-Prem, STANDARD EDITION, PLATINUM SUCCESS"
0052x000003XqQMAA0,01t2x000001E1m7AAC,"DNN Production License EVOQ, PROFESSIONAL EDITION, STANDARD SUCCESS"
0052x000003XqQMAA0,01t2x000001E1n5AAC,"DNN Non-Production License EVOQ Content, ADD-ON, Standard support"
0052x000003XjMPAA0,01t2x000002Cjs2AAC,"Everest Term User License, ENTERPRISE EDITION, GOLD SUCCESS"
0052x000003XjMPAA0,01t2x000002CkaYAAS,"Everest Term User License, ENTERPRISE EDITION"
0052x000003XjMPAA0,01t2x000002CkXPAA0,"Everest Term User License, GOLD SUCCESS"
0052x000003Xem4AAC,01t2x000002Cg4VAAS,"Jive Cloud, STANDARD EDITION, STANDARD SUCCESS"
0052x000003X42aAAC,01t2x000001E1knAAC,"DNN OnDemand EVOQ, PROFESSIONAL EDITION, STANDARD SUCCESS"
0052x000003X42aAAC,01t2x000001E0dCAAS,"DNN Additional Development Sandbox OnDemand EVOQ, ADD-ON, Standard support"
0052x000002Q1BbAAK,01t2x000001E1m2AAC,"DNN Production License EVOQ, STANDARD EDITION, PLATINUM SUCCESS"
0052x000002PlCkAAK,01t2x000001E1mWAAS,"DNN Failover License EVOQ Basic, ADD-ON, Standard support"
0052x000003XjMjAAK,01t2x000001E1mHAAS,"DNN Production License EVOQ, PROFESSIONAL EDITION, PLATINUM SUCCESS"
0052x000003XjMjAAK,01t2x000001E1nKAAS,"DNN Non-Production License EVOQ Content, ADD-ON, Platinum support"
0052x0000058jlsAAA,01t2x000002CpCzAAK,"NewNet Term Software License, STANDARD EDITION, PLATINUM SUCCESS"
0052x0000058jlsAAA,01t2x000002CpD0AAK,"NewNet Term Software License, STANDARD EDITION"
0052x0000058jlsAAA,01t2x000002CpD3AAK,"NewNet Term Software License, PLATINUM SUCCESS"
0052x0000049sbGAAQ,01t2x0000026D1WAAU,"Onyx Term User License, STANDARD EDITION, PLATINUM SUCCESS"
0052x0000049sbGAAQ,01t2x0000026D1aAAE,"Onyx Term User License, STANDARD EDITION"
0052x0000049sbGAAQ,01t2x0000026D1dAAE,"Onyx Term User License, PLATINUM SUCCESS"
0052x000003X7B4AAK,01t2x0000029JnKAAU,Aurea OT Messenger (Sonic) Perpetual License
0052x000003qyGIAAY,01t2x000003PtuMAAS,"ARTEMIS (APS) 7, STANDARD EDITION"
0052x0000021tzyAAA,01t2x000001E1mqAAC,"DNN Non-Production License EVOQ Basic, ADD-ON, Standard support"
0052x0000020mFmAAI,01t2x000001E1ksAAC,"DNN OnDemand EVOQ, ENTERPRISE EDITION, STANDARD SUCCESS"
0052x000002Q1BbAAK,01t2x000001E1m7AAC,"DNN Production License EVOQ, PROFESSIONAL EDITION, STANDARD SUCCESS"
0052x000002Q1BbAAK,01t2x000001E1ksAAC,"DNN OnDemand EVOQ, ENTERPRISE EDITION, STANDARD SUCCESS"
0052x0000020mFmAAI,01t2x000001E1m7AAC,"DNN Production License EVOQ, PROFESSIONAL EDITION, STANDARD SUCCESS"
0052x000002Q1BbAAK,01t2x000001E1l7AAC,"DNN CustomerCloud EVOQ, ENTERPRISE EDITION, STANDARD SUCCESS"
0052x0000020mFmAAI,01t2x000001E1n5AAC,"DNN Non-Production License EVOQ Content, ADD-ON, Standard support"
0052x000002Q1BbAAK,01t2x000001E1mrAAC,"DNN Non-Production License EVOQ Engage, ADD-ON, Standard support"
0052x000002Q1BbAAK,01t2x000001E1n5AAC,"DNN Non-Production License EVOQ Content, ADD-ON, Standard support"
0052x000002Q1BbAAK,01t2x000001E1kpAAC,"DNN CustomerCloud EVOQ, PROFESSIONAL EDITION, STANDARD SUCCESS"
0052x000002Q1BbAAK,01t2x000001E0d2AAC,"DNN Additional Development License Customer Cloud EVOQ, ADD-ON, Standard support"
0052x0000020mFmAAI,01t2x000001E0d2AAC,"DNN Additional Development License Customer Cloud EVOQ, ADD-ON, Standard support"
0052x0000020mFmAAI,01t2x000001E1kpAAC,"DNN CustomerCloud EVOQ, PROFESSIONAL EDITION, STANDARD SUCCESS"
0052x0000020mFmAAI,01t2x000001E1lsAAC,"DNN Production EVOQ, STANDARD EDITION, STANDARD SUCCESS"
0052x0000020mFmAAI,01t2x000001E1mrAAC,"DNN Non-Production License EVOQ Engage, ADD-ON, Standard support"
0052x0000020mFmAAI,01t2x000001E1mWAAS,"DNN Failover License EVOQ Basic, ADD-ON, Standard support"
0052x0000020mFmAAI,01t2x000001E1mqAAC,"DNN Non-Production License EVOQ Basic, ADD-ON, Standard support"
0052x000002Q1BbAAK,01t2x000001E1ltAAC,"DNN Production EVOQ, ENTERPRISE EDITION, STANDARD SUCCESS"
0052x000002Q1BbAAK,01t2x000001E1knAAC,"DNN OnDemand EVOQ, PROFESSIONAL EDITION, STANDARD SUCCESS"
0052x000002Q1BbAAK,01t2x000001E0d7AAC,"DNN Domain Names EVOQ - Additional 5 Pack, ADD-ON, Standard support"
0052x000002Q1BbAAK,01t2x000001E1nPAAS,"DNN Failover License EVOQ Content, ADD-ON, Standard support"
0052x000002Q1BbAAK,01t2x000001E1mWAAS,"DNN Failover License EVOQ Basic, ADD-ON, Standard support"
0052x0000020mFmAAI,01t2x000001E1n5AAC,"DNN Non-Production License EVOQ Content, ADD-ON, Standard support"
0052x0000020mFmAAI,01t2x000001E1m7AAC,"DNN Production License EVOQ, PROFESSIONAL EDITION, STANDARD SUCCESS"
0052x000002Q1BbAAK,01t2x000001E0d8AAC,"DNN Sub Domains EVOQ - Additional 5 Pack, ADD-ON, Standard support"
0052x0000020mFmAAI,01t2x000001E1nPAAS,"DNN Failover License EVOQ Content, ADD-ON, Standard support"
0052x0000020mFmAAI,01t2x000001E0d7AAC,"DNN Domain Names EVOQ - Additional 5 Pack, ADD-ON, Standard support"
0052x0000020mFmAAI,01t2x000001E1l7AAC,"DNN CustomerCloud EVOQ, ENTERPRISE EDITION, STANDARD SUCCESS"
0052x0000020mFmAAI,01t2x000001EC06AAG,SLI:Professional Services:Add-On
0052x0000020mFmAAI,01t2x000001EC05AAG,SLI:Professional Services Recurring:Add-On
0052x0000020mFmAAI,01t2x000001E1ltAAC,"DNN Production EVOQ, ENTERPRISE EDITION, STANDARD SUCCESS"
0052x0000020mFmAAI,01t2x000001E1knAAC,"DNN OnDemand EVOQ, PROFESSIONAL EDITION, STANDARD SUCCESS"
0052x0000020mFmAAI,01t2x000001E0d8AAC,"DNN Sub Domains EVOQ - Additional 5 Pack, ADD-ON, Standard support"
0052x000002QDFcAAO,01t2x000000Jo9nAAC,Kayako OnPremise KC CASE SILVER
0052x000002QDFNAA4,01t2x000001E39QAAS,"DNN Sub Domains EVOQ - Additional 5 Pack, ADD-ON, Platinum support"
0052x0000021tzyAAA,01t2x000001E38wAAC,"DNN Domain Names EVOQ - Additional 5 Pack, ADD-ON, Gold support"
0052x0000021tzyAAA,01t2x000001E1nFAAS,"DNN Non-Production License EVOQ Content, ADD-ON, Gold support"
0052x0000021tzyAAA,01t2x000001DpbOAAS,BiznessApps:App Design Service:Add-On
0052x0000021tzyAAA,01t2x000001E1kpAAC,"DNN CustomerCloud EVOQ, PROFESSIONAL EDITION, STANDARD SUCCESS"
0052x0000021tzyAAA,01t2x000001E1mIAAS,"DNN Non-Production License EVOQ Basic, ADD-ON, Gold support"
0052x0000021tzyAAA,01t2x000001E1lxAAC,"DNN Production EVOQ, STANDARD EDITION, GOLD SUCCESS"
0052x0000021tztAAA,01t2x000001E1lsAAC,"DNN Production EVOQ, STANDARD EDITION, STANDARD SUCCESS"
0052x0000021tztAAA,01t2x000001E1mqAAC,"DNN Non-Production License EVOQ Basic, ADD-ON, Standard support"
0052x000002PZH9AAO,01t2x000001DUElAAO,BiznessApps:Reseller:Standard:Platinum
0052x000003XjMPAA0,01t2x000001E0d7AAC,"DNN Domain Names EVOQ - Additional 5 Pack, ADD-ON, Standard support"
0052x0000021tzyAAA,01t2x000001E38mAAC,"DNN Additional Development License Customer Cloud EVOQ, ADD-ON, Gold support"
0052x0000021tzyAAA,01t2x000001E1l8AAC,"DNN CustomerCloud EVOQ, PROFESSIONAL EDITION, GOLD SUCCESS"
0052x000002QDFSAA4,01t2x000001E1mrAAC,"DNN Non-Production License EVOQ Engage, ADD-ON, Standard support"
0052x000002QDFSAA4,01t2x000001E1ltAAC,"DNN Production EVOQ, ENTERPRISE EDITION, STANDARD SUCCESS"
0052x000002PZH9AAO,01t2x000001DpbiAAC,BiznessApps:Private App Store:Add-On
0052x000002PZH9AAO,01t2x000001DUEkAAO,BiznessApps:Reseller:Standard:Gold
0052x0000021tzyAAA,01t2x000001E1ksAAC,"DNN OnDemand EVOQ, ENTERPRISE EDITION, STANDARD SUCCESS"
0052x00000224r5AAA,01t2x000001E1kpAAC,"DNN CustomerCloud EVOQ, PROFESSIONAL EDITION, STANDARD SUCCESS"
0052x0000057xOBAAY,01t2x000002CXf0AAG,"Playbooks, STANDARD EDITION, STANDARD SUCCESS"
0052x0000057xOBAAY,01t2x0000026DOHAA2,"Playbooks, STANDARD SUCCESS"
0052x00000224r5AAA,01t2x000001E1ksAAC,"DNN OnDemand EVOQ, ENTERPRISE EDITION, STANDARD SUCCESS"
0052x0000021tzyAAA,01t2x000001E1mrAAC,"DNN Non-Production License EVOQ Engage, ADD-ON, Standard support"
0052x0000021tzyAAA,01t2x000001E1ltAAC,"DNN Production EVOQ, ENTERPRISE EDITION, STANDARD SUCCESS"
0052x000002PlCkAAK,01t2x000001DpbnAAC,FogBugz:Kiln:Standard:Standard
0052x000002Q1BbAAK,01t2x000001E1l3AAC,"DNN OnDemand EVOQ, PROFESSIONAL EDITION, PLATINUM SUCCESS"
0052x0000021tzyAAA,01t2x000001E1mHAAS,"DNN Production License EVOQ, PROFESSIONAL EDITION, PLATINUM SUCCESS"
0052x0000021tzyAAA,01t2x000001E1nAAAS,"DNN Non-Production License EVOQ Engage, ADD-ON, Platinum support"
0052x0000021tzyAAA,01t2x000001E1mRAAS,"DNN Production EVOQ, ENTERPRISE EDITION, PLATINUM SUCCESS"
0052x0000021tzyAAA,01t2x000001E1m7AAC,"DNN Production License EVOQ, PROFESSIONAL EDITION, STANDARD SUCCESS"
0052x000003XjMjAAK,01t2x000001E1mqAAC,"DNN Non-Production License EVOQ Basic, ADD-ON, Standard support"
0052x0000022LvqAAE,01t2x000001E1mCAAS,"DNN Production License EVOQ, PROFESSIONAL EDITION, GOLD SUCCESS"
0052x0000022LvqAAE,01t2x000001E1nFAAS,"DNN Non-Production License EVOQ Content, ADD-ON, Gold support"
0052x0000021tzyAAA,01t2x000001E1n5AAC,"DNN Non-Production License EVOQ Content, ADD-ON, Standard support"
0052x000002UMaMAAW,01t2x000001E38wAAC,"DNN Domain Names EVOQ - Additional 5 Pack, ADD-ON, Gold support"
0052x000002UMaMAAW,01t2x000001E1mCAAS,"DNN Production License EVOQ, PROFESSIONAL EDITION, GOLD SUCCESS"
0052x000002UMaMAAW,01t2x000001E1nFAAS,"DNN Non-Production License EVOQ Content, ADD-ON, Gold support"
0052x000003Xj1qAAC,01t2x000001E1ltAAC,"DNN Production EVOQ, ENTERPRISE EDITION, STANDARD SUCCESS"
0052x000003Xj1qAAC,01t2x000001E1mrAAC,"DNN Non-Production License EVOQ Engage, ADD-ON, Standard support"
0052x0000049sbGAAQ,01t2x000001E0d7AAC,"DNN Domain Names EVOQ - Additional 5 Pack, ADD-ON, Standard support"
0052x000002Q1BbAAK,01t2x000001E1lHAAS,"DNN CustomerCloud EVOQ, ENTERPRISE EDITION, PLATINUM SUCCESS"
0052x000002Q1BbAAK,01t2x000001E38rAAC,"DNN Additional Development License Customer Cloud EVOQ, ADD-ON, Platinum support"
0052x000002Q1BbAAK,01t2x000001E391AAC,"DNN Domain Names EVOQ - Additional 5 Pack, ADD-ON, Platinum support"
0052x000002Q1BbAAK,01t2x000001E1lxAAC,"DNN Production EVOQ, STANDARD EDITION, GOLD SUCCESS"
0052x000002Q1BbAAK,01t2x000001E1mMAAS,"DNN Production EVOQ, ENTERPRISE EDITION, GOLD SUCCESS"
0052x000002Q1BbAAK,01t2x000001E1n6AAC,"DNN Non-Production License EVOQ Engage, ADD-ON, Gold support"
0052x000002Q1BbAAK,01t2x000001E1mXAAS,"DNN Non-Production License EVOQ Basic, ADD-ON, Platinum support"
0052x000002Q1BbAAK,01t2x000001E1mbAAC,"DNN Failover License EVOQ Basic, ADD-ON, Platinum support"
0052x000003Xj1qAAC,01t2x000001E1mHAAS,"DNN Production License EVOQ, PROFESSIONAL EDITION, PLATINUM SUCCESS"
0052x000003Xj1qAAC,01t2x000001E1mqAAC,"DNN Non-Production License EVOQ Basic, ADD-ON, Standard support"
0052x000003Xj1qAAC,01t2x000001E1m2AAC,"DNN Production License EVOQ, STANDARD EDITION, PLATINUM SUCCESS"
0052x000003Xj1qAAC,01t2x000001E1lCAAS,"DNN CustomerCloud EVOQ, PROFESSIONAL EDITION, PLATINUM SUCCESS"
0052x000003Xj1qAAC,01t2x000001E38rAAC,"DNN Additional Development License Customer Cloud EVOQ, ADD-ON, Platinum support"
0052x000003Xj1qAAC,01t2x000001E1mIAAS,"DNN Non-Production License EVOQ Basic, ADD-ON, Gold support"
0052x000003Xj1qAAC,01t2x000001E0d7AAC,"DNN Domain Names EVOQ - Additional 5 Pack, ADD-ON, Standard support"
0052x0000049BoSAAU,01t2x000001E1lsAAC,"DNN Production EVOQ, STANDARD EDITION, STANDARD SUCCESS"
0052x000003Xj1qAAC,01t2x000001E1nKAAS,"DNN Non-Production License EVOQ Content, ADD-ON, Platinum support"
0052x000003Xj1qAAC,01t2x000001E1mbAAC,"DNN Failover License EVOQ Basic, ADD-ON, Platinum support"
0052x000003Xj1qAAC,01t2x000001E1mXAAS,"DNN Non-Production License EVOQ Basic, ADD-ON, Platinum support"
0052x000003Xj1qAAC,01t2x000001E1n5AAC,"DNN Non-Production License EVOQ Content, ADD-ON, Standard support"
0052x000003XjMjAAK,01t2x000001E1mXAAS,"DNN Non-Production License EVOQ Basic, ADD-ON, Platinum support"
0052x0000048sB8AAI,01t2x000001E1lsAAC,"DNN Production EVOQ, STANDARD EDITION, STANDARD SUCCESS"
0052x000002UMaMAAW,01t2x000001E1knAAC,"DNN OnDemand EVOQ, PROFESSIONAL EDITION, STANDARD SUCCESS"
0052x000002UMaMAAW,01t2x000001E1lxAAC,"DNN Production EVOQ, STANDARD EDITION, GOLD SUCCESS"
0052x000002UMaMAAW,01t2x000001E1m7AAC,"DNN Production License EVOQ, PROFESSIONAL EDITION, STANDARD SUCCESS"
0052x000002UMaMAAW,01t2x000001E0d7AAC,"DNN Domain Names EVOQ - Additional 5 Pack, ADD-ON, Standard support"
0052x000002UMaMAAW,01t2x000001E0d8AAC,"DNN Sub Domains EVOQ - Additional 5 Pack, ADD-ON, Standard support"
0052x000002Q1BbAAK,01t2x000001E1nKAAS,"DNN Non-Production License EVOQ Content, ADD-ON, Platinum support"
0052x000002Q1BbAAK,01t2x000001E1mHAAS,"DNN Production License EVOQ, PROFESSIONAL EDITION, PLATINUM SUCCESS"
0052x000002Q1BbAAK,01t2x000001E1kxAAC,"DNN OnDemand EVOQ, ENTERPRISE EDITION, PLATINUM SUCCESS"
0052x000003Xp4eAAC,01t2x000000Jo9nAAC,Kayako OnPremise KC CASE SILVER
0052x0000020uJLAAY,01t2x000001DpbnAAC,FogBugz:Kiln:Standard:Standard
0052x000002UMaMAAW,01t2x000001E1n5AAC,"DNN Non-Production License EVOQ Content, ADD-ON, Standard support"
0052x000002UMaMAAW,01t2x000001E1mqAAC,"DNN Non-Production License EVOQ Basic, ADD-ON, Standard support"
0052x000003Xj1qAAC,01t2x000001E1mCAAS,"DNN Production License EVOQ, PROFESSIONAL EDITION, GOLD SUCCESS"
0052x000003Xj1qAAC,01t2x000001E1nFAAS,"DNN Non-Production License EVOQ Content, ADD-ON, Gold support"
0052x000003Xj1qAAC,01t2x000001E1l3AAC,"DNN OnDemand EVOQ, PROFESSIONAL EDITION, PLATINUM SUCCESS"
0052x000002UMaMAAW,01t2x000001E1mHAAS,"DNN Production License EVOQ, PROFESSIONAL EDITION, PLATINUM SUCCESS"
0052x000002UMaMAAW,01t2x000001E1nKAAS,"DNN Non-Production License EVOQ Content, ADD-ON, Platinum support"
0052x000003qrnIAAQ,01t2x000001E1mqAAC,"DNN Non-Production License EVOQ Basic, ADD-ON, Standard support"
0052x000003qrnIAAQ,01t2x000001E1lsAAC,"DNN Production EVOQ, STANDARD EDITION, STANDARD SUCCESS"
0052x000002QDFNAA4,01t2x000001E1m2AAC,"DNN Production License EVOQ, STANDARD EDITION, PLATINUM SUCCESS"
